"Barcode","Entry","Species_consensus","Groups Consensus","Accession_#","USDA_Q_#","Alt_accession_#","UIUC_ID","project","project_id"
"Miscanthus sacchariflorus  'JY027'-Accn:JY027-Q49882-Alt:","Miscanthus sacchariflorus  'JY027'","Miscanthus sacchariflorus","N China 2x Msa","JY027","Q49882",NA,"UI19-00073","mxg_genotype_exudates","MXG_GENEX"
"Miscanthus sacchariflorus  'JY027'-Accn:JY027-Q49882-Alt:","Miscanthus sacchariflorus  'JY027'","Miscanthus sacchariflorus","N China 2x Msa","JY027","Q49882",NA,"UI19-00073","mxg_genotype_exudates","MXG_GENEX"
"Miscanthus sacchariflorus  'JY027'-Accn:JY027-Q49882-Alt:","Miscanthus sacchariflorus  'JY027'","Miscanthus sacchariflorus","N China 2x Msa","JY027","Q49882",NA,"UI19-00073","mxg_genotype_exudates","MXG_GENEX"
"Miscanthus sacchariflorus  'JY027'-Accn:JY027-Q49882-Alt:","Miscanthus sacchariflorus  'JY027'","Miscanthus sacchariflorus","N China 2x Msa","JY027","Q49882",NA,"UI19-00073","mxg_genotype_exudates","MXG_GENEX"
"Miscanthus sacchariflorus  'JY027'-Accn:JY027-Q49882-Alt:","Miscanthus sacchariflorus  'JY027'","Miscanthus sacchariflorus","N China 2x Msa","JY027","Q49882",NA,"UI19-00073","mxg_genotype_exudates","MXG_GENEX"
"Miscanthus sacchariflorus  'JY027'-Accn:JY027-Q49882-Alt:","Miscanthus sacchariflorus  'JY027'","Miscanthus sacchariflorus","N China 2x Msa","JY027","Q49882",NA,"UI19-00073","mxg_genotype_exudates","MXG_GENEX"
"Miscanthus sacchariflorus  'PMS-076'-Accn:PMS-076-Q46878-Alt:UI12-00110","Miscanthus sacchariflorus  'PMS-076'","Miscanthus sacchariflorus","N China 2x Msa","PMS-076","Q46878","UI12-00110","UI19-00061","mxg_genotype_exudates","MXG_GENEX"
"Miscanthus sacchariflorus  'PMS-076'-Accn:PMS-076-Q46878-Alt:UI12-00110","Miscanthus sacchariflorus  'PMS-076'","Miscanthus sacchariflorus","N China 2x Msa","PMS-076","Q46878","UI12-00110","UI19-00061","mxg_genotype_exudates","MXG_GENEX"
"Miscanthus sacchariflorus  'PMS-076'-Accn:PMS-076-Q46878-Alt:UI12-00110","Miscanthus sacchariflorus  'PMS-076'","Miscanthus sacchariflorus","N China 2x Msa","PMS-076","Q46878","UI12-00110","UI19-00061","mxg_genotype_exudates","MXG_GENEX"
"Miscanthus sacchariflorus  'PMS-076'-Accn:PMS-076-Q46878-Alt:UI12-00110","Miscanthus sacchariflorus  'PMS-076'","Miscanthus sacchariflorus","N China 2x Msa","PMS-076","Q46878","UI12-00110","UI19-00061","mxg_genotype_exudates","MXG_GENEX"
"Miscanthus sacchariflorus  'PMS-076'-Accn:PMS-076-Q46878-Alt:UI12-00110","Miscanthus sacchariflorus  'PMS-076'","Miscanthus sacchariflorus","N China 2x Msa","PMS-076","Q46878","UI12-00110","UI19-00061","mxg_genotype_exudates","MXG_GENEX"
"Miscanthus sacchariflorus  'PMS-076'-Accn:PMS-076-Q46878-Alt:UI12-00110","Miscanthus sacchariflorus  'PMS-076'","Miscanthus sacchariflorus","N China 2x Msa","PMS-076","Q46878","UI12-00110","UI19-00061","mxg_genotype_exudates","MXG_GENEX"
"Miscanthus sacchariflorus  'PMS-077'-Accn:PMS-077-Q49085-Alt:","Miscanthus sacchariflorus  'PMS-077'","Miscanthus sacchariflorus","N China 2x Msa","PMS-077","Q49085",NA,"UI19-00060","mxg_genotype_exudates","MXG_GENEX"
"Miscanthus sacchariflorus  'PMS-077'-Accn:PMS-077-Q49085-Alt:","Miscanthus sacchariflorus  'PMS-077'","Miscanthus sacchariflorus","N China 2x Msa","PMS-077","Q49085",NA,"UI19-00060","mxg_genotype_exudates","MXG_GENEX"
"Miscanthus sacchariflorus  'PMS-077'-Accn:PMS-077-Q49085-Alt:","Miscanthus sacchariflorus  'PMS-077'","Miscanthus sacchariflorus","N China 2x Msa","PMS-077","Q49085",NA,"UI19-00060","mxg_genotype_exudates","MXG_GENEX"
"Miscanthus sacchariflorus  'PMS-077'-Accn:PMS-077-Q49085-Alt:","Miscanthus sacchariflorus  'PMS-077'","Miscanthus sacchariflorus","N China 2x Msa","PMS-077","Q49085",NA,"UI19-00060","mxg_genotype_exudates","MXG_GENEX"
"Miscanthus sacchariflorus  'PMS-077'-Accn:PMS-077-Q49085-Alt:","Miscanthus sacchariflorus  'PMS-077'","Miscanthus sacchariflorus","N China 2x Msa","PMS-077","Q49085",NA,"UI19-00060","mxg_genotype_exudates","MXG_GENEX"
"Miscanthus sacchariflorus  'PMS-077'-Accn:PMS-077-Q49085-Alt:","Miscanthus sacchariflorus  'PMS-077'","Miscanthus sacchariflorus","N China 2x Msa","PMS-077","Q49085",NA,"UI19-00060","mxg_genotype_exudates","MXG_GENEX"
"Miscanthus sacchariflorus 4x  'JY006'-Accn:JY006-Q49861-Alt:","Miscanthus sacchariflorus 4x  'JY006'","Miscanthus sacchariflorus 4x","N China/Korea/Russia 4x Msa","JY006","Q49861",NA,"UI19-00087","mxg_genotype_exudates","MXG_GENEX"
"Miscanthus sacchariflorus 4x  'JY006'-Accn:JY006-Q49861-Alt:","Miscanthus sacchariflorus 4x  'JY006'","Miscanthus sacchariflorus 4x","N China/Korea/Russia 4x Msa","JY006","Q49861",NA,"UI19-00087","mxg_genotype_exudates","MXG_GENEX"
"Miscanthus sacchariflorus 4x  'JY006'-Accn:JY006-Q49861-Alt:","Miscanthus sacchariflorus 4x  'JY006'","Miscanthus sacchariflorus 4x","N China/Korea/Russia 4x Msa","JY006","Q49861",NA,"UI19-00087","mxg_genotype_exudates","MXG_GENEX"
"Miscanthus sacchariflorus 4x  'JY006'-Accn:JY006-Q49861-Alt:","Miscanthus sacchariflorus 4x  'JY006'","Miscanthus sacchariflorus 4x","N China/Korea/Russia 4x Msa","JY006","Q49861",NA,"UI19-00087","mxg_genotype_exudates","MXG_GENEX"
"Miscanthus sacchariflorus 4x  'JY006'-Accn:JY006-Q49861-Alt:","Miscanthus sacchariflorus 4x  'JY006'","Miscanthus sacchariflorus 4x","N China/Korea/Russia 4x Msa","JY006","Q49861",NA,"UI19-00087","mxg_genotype_exudates","MXG_GENEX"
"Miscanthus sacchariflorus 4x  'JY006'-Accn:JY006-Q49861-Alt:","Miscanthus sacchariflorus 4x  'JY006'","Miscanthus sacchariflorus 4x","N China/Korea/Russia 4x Msa","JY006","Q49861",NA,"UI19-00087","mxg_genotype_exudates","MXG_GENEX"
"Miscanthus sacchariflorus 4x  'KMS062'-Accn:KMS062-Q49083-Alt:","Miscanthus sacchariflorus 4x  'KMS062'","Miscanthus sacchariflorus 4x","N China/Korea/Russia 4x Msa","KMS062","Q49083",NA,"UI19-00084","mxg_genotype_exudates","MXG_GENEX"
"Miscanthus sacchariflorus 4x  'KMS062'-Accn:KMS062-Q49083-Alt:","Miscanthus sacchariflorus 4x  'KMS062'","Miscanthus sacchariflorus 4x","N China/Korea/Russia 4x Msa","KMS062","Q49083",NA,"UI19-00084","mxg_genotype_exudates","MXG_GENEX"
"Miscanthus sacchariflorus 4x  'KMS062'-Accn:KMS062-Q49083-Alt:","Miscanthus sacchariflorus 4x  'KMS062'","Miscanthus sacchariflorus 4x","N China/Korea/Russia 4x Msa","KMS062","Q49083",NA,"UI19-00084","mxg_genotype_exudates","MXG_GENEX"
"Miscanthus sacchariflorus 4x  'KMS062'-Accn:KMS062-Q49083-Alt:","Miscanthus sacchariflorus 4x  'KMS062'","Miscanthus sacchariflorus 4x","N China/Korea/Russia 4x Msa","KMS062","Q49083",NA,"UI19-00084","mxg_genotype_exudates","MXG_GENEX"
"Miscanthus sacchariflorus 4x  'KMS062'-Accn:KMS062-Q49083-Alt:","Miscanthus sacchariflorus 4x  'KMS062'","Miscanthus sacchariflorus 4x","N China/Korea/Russia 4x Msa","KMS062","Q49083",NA,"UI19-00084","mxg_genotype_exudates","MXG_GENEX"
"Miscanthus sacchariflorus 4x  'KMS062'-Accn:KMS062-Q49083-Alt:","Miscanthus sacchariflorus 4x  'KMS062'","Miscanthus sacchariflorus 4x","N China/Korea/Russia 4x Msa","KMS062","Q49083",NA,"UI19-00084","mxg_genotype_exudates","MXG_GENEX"
"Miscanthus sacchariflorus 4x  'PMS-457'-Accn:PMS-457-Q49087-Alt:","Miscanthus sacchariflorus 4x  'PMS-457'","Miscanthus sacchariflorus 4x","N China/Korea/Russia 4x Msa","PMS-457","Q49087",NA,"UI19-00083","mxg_genotype_exudates","MXG_GENEX"
"Miscanthus sacchariflorus 4x  'PMS-457'-Accn:PMS-457-Q49087-Alt:","Miscanthus sacchariflorus 4x  'PMS-457'","Miscanthus sacchariflorus 4x","N China/Korea/Russia 4x Msa","PMS-457","Q49087",NA,"UI19-00083","mxg_genotype_exudates","MXG_GENEX"
"Miscanthus sacchariflorus 4x  'PMS-457'-Accn:PMS-457-Q49087-Alt:","Miscanthus sacchariflorus 4x  'PMS-457'","Miscanthus sacchariflorus 4x","N China/Korea/Russia 4x Msa","PMS-457","Q49087",NA,"UI19-00083","mxg_genotype_exudates","MXG_GENEX"
"Miscanthus sacchariflorus 4x  'PMS-457'-Accn:PMS-457-Q49087-Alt:","Miscanthus sacchariflorus 4x  'PMS-457'","Miscanthus sacchariflorus 4x","N China/Korea/Russia 4x Msa","PMS-457","Q49087",NA,"UI19-00083","mxg_genotype_exudates","MXG_GENEX"
"Miscanthus sacchariflorus 4x  'PMS-457'-Accn:PMS-457-Q49087-Alt:","Miscanthus sacchariflorus 4x  'PMS-457'","Miscanthus sacchariflorus 4x","N China/Korea/Russia 4x Msa","PMS-457","Q49087",NA,"UI19-00083","mxg_genotype_exudates","MXG_GENEX"
"Miscanthus sacchariflorus 4x  'PMS-457'-Accn:PMS-457-Q49087-Alt:","Miscanthus sacchariflorus 4x  'PMS-457'","Miscanthus sacchariflorus 4x","N China/Korea/Russia 4x Msa","PMS-457","Q49087",NA,"UI19-00083","mxg_genotype_exudates","MXG_GENEX"
"Miscanthus sacchariflorus 4x  'RU2012-055'-Accn:RU2012-055-Q47666-Alt:","Miscanthus sacchariflorus 4x  'RU2012-055'","Miscanthus sacchariflorus 4x","N China/Korea/Russia 4x Msa","RU2012-055","Q47666",NA,"UI19-00081","mxg_genotype_exudates","MXG_GENEX"
"Miscanthus sacchariflorus 4x  'RU2012-055'-Accn:RU2012-055-Q47666-Alt:","Miscanthus sacchariflorus 4x  'RU2012-055'","Miscanthus sacchariflorus 4x","N China/Korea/Russia 4x Msa","RU2012-055","Q47666",NA,"UI19-00081","mxg_genotype_exudates","MXG_GENEX"
"Miscanthus sacchariflorus 4x  'RU2012-055'-Accn:RU2012-055-Q47666-Alt:","Miscanthus sacchariflorus 4x  'RU2012-055'","Miscanthus sacchariflorus 4x","N China/Korea/Russia 4x Msa","RU2012-055","Q47666",NA,"UI19-00081","mxg_genotype_exudates","MXG_GENEX"
"Miscanthus sacchariflorus 4x  'RU2012-055'-Accn:RU2012-055-Q47666-Alt:","Miscanthus sacchariflorus 4x  'RU2012-055'","Miscanthus sacchariflorus 4x","N China/Korea/Russia 4x Msa","RU2012-055","Q47666",NA,"UI19-00081","mxg_genotype_exudates","MXG_GENEX"
"Miscanthus sacchariflorus 4x  'RU2012-055'-Accn:RU2012-055-Q47666-Alt:","Miscanthus sacchariflorus 4x  'RU2012-055'","Miscanthus sacchariflorus 4x","N China/Korea/Russia 4x Msa","RU2012-055","Q47666",NA,"UI19-00081","mxg_genotype_exudates","MXG_GENEX"
"Miscanthus sacchariflorus 4x  'RU2012-055'-Accn:RU2012-055-Q47666-Alt:","Miscanthus sacchariflorus 4x  'RU2012-055'","Miscanthus sacchariflorus 4x","N China/Korea/Russia 4x Msa","RU2012-055","Q47666",NA,"UI19-00081","mxg_genotype_exudates","MXG_GENEX"
"Miscanthus sacchariflorus 4x  'RU2012-056.1WD (4x)'-Accn:RU2012-056.1WD (4x)-Q47667-Alt:","Miscanthus sacchariflorus 4x  'RU2012-056.1WD (4x)'","Miscanthus sacchariflorus 4x","N China/Korea/Russia 4x Msa","RU2012-056.1WD (4x)","Q47667",NA,"UI19-00082","mxg_genotype_exudates","MXG_GENEX"
"Miscanthus sacchariflorus 4x  'RU2012-056.1WD (4x)'-Accn:RU2012-056.1WD (4x)-Q47667-Alt:","Miscanthus sacchariflorus 4x  'RU2012-056.1WD (4x)'","Miscanthus sacchariflorus 4x","N China/Korea/Russia 4x Msa","RU2012-056.1WD (4x)","Q47667",NA,"UI19-00082","mxg_genotype_exudates","MXG_GENEX"
"Miscanthus sacchariflorus 4x  'RU2012-056.1WD (4x)'-Accn:RU2012-056.1WD (4x)-Q47667-Alt:","Miscanthus sacchariflorus 4x  'RU2012-056.1WD (4x)'","Miscanthus sacchariflorus 4x","N China/Korea/Russia 4x Msa","RU2012-056.1WD (4x)","Q47667",NA,"UI19-00082","mxg_genotype_exudates","MXG_GENEX"
"Miscanthus sacchariflorus 4x  'RU2012-056.1WD (4x)'-Accn:RU2012-056.1WD (4x)-Q47667-Alt:","Miscanthus sacchariflorus 4x  'RU2012-056.1WD (4x)'","Miscanthus sacchariflorus 4x","N China/Korea/Russia 4x Msa","RU2012-056.1WD (4x)","Q47667",NA,"UI19-00082","mxg_genotype_exudates","MXG_GENEX"
"Miscanthus sacchariflorus 4x  'RU2012-056.1WD (4x)'-Accn:RU2012-056.1WD (4x)-Q47667-Alt:","Miscanthus sacchariflorus 4x  'RU2012-056.1WD (4x)'","Miscanthus sacchariflorus 4x","N China/Korea/Russia 4x Msa","RU2012-056.1WD (4x)","Q47667",NA,"UI19-00082","mxg_genotype_exudates","MXG_GENEX"
"Miscanthus sacchariflorus 4x  'RU2012-056.1WD (4x)'-Accn:RU2012-056.1WD (4x)-Q47667-Alt:","Miscanthus sacchariflorus 4x  'RU2012-056.1WD (4x)'","Miscanthus sacchariflorus 4x","N China/Korea/Russia 4x Msa","RU2012-056.1WD (4x)","Q47667",NA,"UI19-00082","mxg_genotype_exudates","MXG_GENEX"
"Miscanthus sacchariflorus 4x  'Tomatoh Corporation-1'-Accn:JPN-2010-005-Q46427-Alt:JPN-2010-005","Miscanthus sacchariflorus 4x  'Tomatoh Corporation-1'","Miscanthus sacchariflorus 4x","N Japan 4x Msa","JPN-2010-005","Q46427","JPN-2010-005","UI21-00064","mxg_genotype_exudates","MXG_GENEX"
"Miscanthus sacchariflorus 4x  'Tomatoh Corporation-1'-Accn:JPN-2010-005-Q46427-Alt:JPN-2010-005","Miscanthus sacchariflorus 4x  'Tomatoh Corporation-1'","Miscanthus sacchariflorus 4x","N Japan 4x Msa","JPN-2010-005","Q46427","JPN-2010-005","UI21-00064","mxg_genotype_exudates","MXG_GENEX"
"Miscanthus sacchariflorus 4x  'Tomatoh Corporation-1'-Accn:JPN-2010-005-Q46427-Alt:JPN-2010-005","Miscanthus sacchariflorus 4x  'Tomatoh Corporation-1'","Miscanthus sacchariflorus 4x","N Japan 4x Msa","JPN-2010-005","Q46427","JPN-2010-005","UI21-00064","mxg_genotype_exudates","MXG_GENEX"
"Miscanthus sacchariflorus 4x  'Tomatoh Corporation-1'-Accn:JPN-2010-005-Q46427-Alt:JPN-2010-005","Miscanthus sacchariflorus 4x  'Tomatoh Corporation-1'","Miscanthus sacchariflorus 4x","N Japan 4x Msa","JPN-2010-005","Q46427","JPN-2010-005","UI21-00064","mxg_genotype_exudates","MXG_GENEX"
"Miscanthus sacchariflorus 4x  'Tomatoh Corporation-1'-Accn:JPN-2010-005-Q46427-Alt:JPN-2010-005","Miscanthus sacchariflorus 4x  'Tomatoh Corporation-1'","Miscanthus sacchariflorus 4x","N Japan 4x Msa","JPN-2010-005","Q46427","JPN-2010-005","UI21-00064","mxg_genotype_exudates","MXG_GENEX"
"Miscanthus sacchariflorus 4x  'Tomatoh Corporation-1'-Accn:JPN-2010-005-Q46427-Alt:JPN-2010-005","Miscanthus sacchariflorus 4x  'Tomatoh Corporation-1'","Miscanthus sacchariflorus 4x","N Japan 4x Msa","JPN-2010-005","Q46427","JPN-2010-005","UI21-00064","mxg_genotype_exudates","MXG_GENEX"
"Miscanthus sacchariflorus 4x  'Hokkaido U, Livestock Farm-2'-Accn:JPN-2011-008-Q46808-Alt:JPN-2011-008","Miscanthus sacchariflorus 4x  'Hokkaido U, Livestock Farm-2'","Miscanthus sacchariflorus 4x","N Japan 4x Msa","JPN-2011-008","Q46808","JPN-2011-008","UI21-00063","mxg_genotype_exudates","MXG_GENEX"
"Miscanthus sacchariflorus 4x  'Hokkaido U, Livestock Farm-2'-Accn:JPN-2011-008-Q46808-Alt:JPN-2011-008","Miscanthus sacchariflorus 4x  'Hokkaido U, Livestock Farm-2'","Miscanthus sacchariflorus 4x","N Japan 4x Msa","JPN-2011-008","Q46808","JPN-2011-008","UI21-00063","mxg_genotype_exudates","MXG_GENEX"
"Miscanthus sacchariflorus 4x  'Hokkaido U, Livestock Farm-2'-Accn:JPN-2011-008-Q46808-Alt:JPN-2011-008","Miscanthus sacchariflorus 4x  'Hokkaido U, Livestock Farm-2'","Miscanthus sacchariflorus 4x","N Japan 4x Msa","JPN-2011-008","Q46808","JPN-2011-008","UI21-00063","mxg_genotype_exudates","MXG_GENEX"
"Miscanthus sacchariflorus 4x  'Hokkaido U, Livestock Farm-2'-Accn:JPN-2011-008-Q46808-Alt:JPN-2011-008","Miscanthus sacchariflorus 4x  'Hokkaido U, Livestock Farm-2'","Miscanthus sacchariflorus 4x","N Japan 4x Msa","JPN-2011-008","Q46808","JPN-2011-008","UI21-00063","mxg_genotype_exudates","MXG_GENEX"
"Miscanthus sacchariflorus 4x  'Hokkaido U, Livestock Farm-2'-Accn:JPN-2011-008-Q46808-Alt:JPN-2011-008","Miscanthus sacchariflorus 4x  'Hokkaido U, Livestock Farm-2'","Miscanthus sacchariflorus 4x","N Japan 4x Msa","JPN-2011-008","Q46808","JPN-2011-008","UI21-00063","mxg_genotype_exudates","MXG_GENEX"
"Miscanthus sacchariflorus 4x  'Hokkaido U, Livestock Farm-2'-Accn:JPN-2011-008-Q46808-Alt:JPN-2011-008","Miscanthus sacchariflorus 4x  'Hokkaido U, Livestock Farm-2'","Miscanthus sacchariflorus 4x","N Japan 4x Msa","JPN-2011-008","Q46808","JPN-2011-008","UI21-00063","mxg_genotype_exudates","MXG_GENEX"
"Miscanthus sacchariflorus 4x  'Tomatoh Corporation-2'-Accn:JPN-2011-010-Q46810-Alt:JPN-2011-010","Miscanthus sacchariflorus 4x  'Tomatoh Corporation-2'","Miscanthus sacchariflorus 4x","N Japan 4x Msa","JPN-2011-010","Q46810","JPN-2011-010","UI21-00065","mxg_genotype_exudates","MXG_GENEX"
"Miscanthus sacchariflorus 4x  'Tomatoh Corporation-2'-Accn:JPN-2011-010-Q46810-Alt:JPN-2011-010","Miscanthus sacchariflorus 4x  'Tomatoh Corporation-2'","Miscanthus sacchariflorus 4x","N Japan 4x Msa","JPN-2011-010","Q46810","JPN-2011-010","UI21-00065","mxg_genotype_exudates","MXG_GENEX"
"Miscanthus sacchariflorus 4x  'Tomatoh Corporation-2'-Accn:JPN-2011-010-Q46810-Alt:JPN-2011-010","Miscanthus sacchariflorus 4x  'Tomatoh Corporation-2'","Miscanthus sacchariflorus 4x","N Japan 4x Msa","JPN-2011-010","Q46810","JPN-2011-010","UI21-00065","mxg_genotype_exudates","MXG_GENEX"
"Miscanthus sacchariflorus 4x  'Tomatoh Corporation-2'-Accn:JPN-2011-010-Q46810-Alt:JPN-2011-010","Miscanthus sacchariflorus 4x  'Tomatoh Corporation-2'","Miscanthus sacchariflorus 4x","N Japan 4x Msa","JPN-2011-010","Q46810","JPN-2011-010","UI21-00065","mxg_genotype_exudates","MXG_GENEX"
"Miscanthus sacchariflorus 4x  'Tomatoh Corporation-2'-Accn:JPN-2011-010-Q46810-Alt:JPN-2011-010","Miscanthus sacchariflorus 4x  'Tomatoh Corporation-2'","Miscanthus sacchariflorus 4x","N Japan 4x Msa","JPN-2011-010","Q46810","JPN-2011-010","UI21-00065","mxg_genotype_exudates","MXG_GENEX"
"Miscanthus sacchariflorus 4x  'Tomatoh Corporation-2'-Accn:JPN-2011-010-Q46810-Alt:JPN-2011-010","Miscanthus sacchariflorus 4x  'Tomatoh Corporation-2'","Miscanthus sacchariflorus 4x","N Japan 4x Msa","JPN-2011-010","Q46810","JPN-2011-010","UI21-00065","mxg_genotype_exudates","MXG_GENEX"
"Miscanthus sacchariflorus  'PMS-512'-Accn:PMS-512-Q49089-Alt:","Miscanthus sacchariflorus  'PMS-512'","Miscanthus sacchariflorus","NE China/Korea/Russia 2x Msa","PMS-512","Q49089",NA,"UI21-00076","mxg_genotype_exudates","MXG_GENEX"
"Miscanthus sacchariflorus  'PMS-512'-Accn:PMS-512-Q49089-Alt:","Miscanthus sacchariflorus  'PMS-512'","Miscanthus sacchariflorus","NE China/Korea/Russia 2x Msa","PMS-512","Q49089",NA,"UI21-00076","mxg_genotype_exudates","MXG_GENEX"
"Miscanthus sacchariflorus  'PMS-512'-Accn:PMS-512-Q49089-Alt:","Miscanthus sacchariflorus  'PMS-512'","Miscanthus sacchariflorus","NE China/Korea/Russia 2x Msa","PMS-512","Q49089",NA,"UI21-00076","mxg_genotype_exudates","MXG_GENEX"
"Miscanthus sacchariflorus  'PMS-512'-Accn:PMS-512-Q49089-Alt:","Miscanthus sacchariflorus  'PMS-512'","Miscanthus sacchariflorus","NE China/Korea/Russia 2x Msa","PMS-512","Q49089",NA,"UI21-00076","mxg_genotype_exudates","MXG_GENEX"
"Miscanthus sacchariflorus  'PMS-512'-Accn:PMS-512-Q49089-Alt:","Miscanthus sacchariflorus  'PMS-512'","Miscanthus sacchariflorus","NE China/Korea/Russia 2x Msa","PMS-512","Q49089",NA,"UI21-00076","mxg_genotype_exudates","MXG_GENEX"
"Miscanthus sacchariflorus  'PMS-512'-Accn:PMS-512-Q49089-Alt:","Miscanthus sacchariflorus  'PMS-512'","Miscanthus sacchariflorus","NE China/Korea/Russia 2x Msa","PMS-512","Q49089",NA,"UI21-00076","mxg_genotype_exudates","MXG_GENEX"
"Miscanthus sacchariflorus  'RU2012-048'-Accn:RU2012-048-Q47661-Alt:","Miscanthus sacchariflorus  'RU2012-048'","Miscanthus sacchariflorus","NE China/Korea/Russia 2x Msa","RU2012-048","Q47661",NA,"UI19-00122","mxg_genotype_exudates","MXG_GENEX"
"Miscanthus sacchariflorus  'RU2012-048'-Accn:RU2012-048-Q47661-Alt:","Miscanthus sacchariflorus  'RU2012-048'","Miscanthus sacchariflorus","NE China/Korea/Russia 2x Msa","RU2012-048","Q47661",NA,"UI19-00122","mxg_genotype_exudates","MXG_GENEX"
"Miscanthus sacchariflorus  'RU2012-048'-Accn:RU2012-048-Q47661-Alt:","Miscanthus sacchariflorus  'RU2012-048'","Miscanthus sacchariflorus","NE China/Korea/Russia 2x Msa","RU2012-048","Q47661",NA,"UI19-00122","mxg_genotype_exudates","MXG_GENEX"
"Miscanthus sacchariflorus  'RU2012-048'-Accn:RU2012-048-Q47661-Alt:","Miscanthus sacchariflorus  'RU2012-048'","Miscanthus sacchariflorus","NE China/Korea/Russia 2x Msa","RU2012-048","Q47661",NA,"UI19-00122","mxg_genotype_exudates","MXG_GENEX"
"Miscanthus sacchariflorus  'RU2012-048'-Accn:RU2012-048-Q47661-Alt:","Miscanthus sacchariflorus  'RU2012-048'","Miscanthus sacchariflorus","NE China/Korea/Russia 2x Msa","RU2012-048","Q47661",NA,"UI19-00122","mxg_genotype_exudates","MXG_GENEX"
"Miscanthus sacchariflorus  'RU2012-048'-Accn:RU2012-048-Q47661-Alt:","Miscanthus sacchariflorus  'RU2012-048'","Miscanthus sacchariflorus","NE China/Korea/Russia 2x Msa","RU2012-048","Q47661",NA,"UI19-00122","mxg_genotype_exudates","MXG_GENEX"
"Miscanthus sacchariflorus  'RU2012-069'-Accn:RU2012-069-Q47678-Alt:","Miscanthus sacchariflorus  'RU2012-069'","Miscanthus sacchariflorus","NE China/Korea/Russia 2x Msa","RU2012-069","Q47678",NA,"UI19-00137","mxg_genotype_exudates","MXG_GENEX"
"Miscanthus sacchariflorus  'RU2012-069'-Accn:RU2012-069-Q47678-Alt:","Miscanthus sacchariflorus  'RU2012-069'","Miscanthus sacchariflorus","NE China/Korea/Russia 2x Msa","RU2012-069","Q47678",NA,"UI19-00137","mxg_genotype_exudates","MXG_GENEX"
"Miscanthus sacchariflorus  'RU2012-069'-Accn:RU2012-069-Q47678-Alt:","Miscanthus sacchariflorus  'RU2012-069'","Miscanthus sacchariflorus","NE China/Korea/Russia 2x Msa","RU2012-069","Q47678",NA,"UI19-00137","mxg_genotype_exudates","MXG_GENEX"
"Miscanthus sacchariflorus  'RU2012-069'-Accn:RU2012-069-Q47678-Alt:","Miscanthus sacchariflorus  'RU2012-069'","Miscanthus sacchariflorus","NE China/Korea/Russia 2x Msa","RU2012-069","Q47678",NA,"UI19-00137","mxg_genotype_exudates","MXG_GENEX"
"Miscanthus sacchariflorus  'RU2012-069'-Accn:RU2012-069-Q47678-Alt:","Miscanthus sacchariflorus  'RU2012-069'","Miscanthus sacchariflorus","NE China/Korea/Russia 2x Msa","RU2012-069","Q47678",NA,"UI19-00137","mxg_genotype_exudates","MXG_GENEX"
"Miscanthus sacchariflorus  'RU2012-069'-Accn:RU2012-069-Q47678-Alt:","Miscanthus sacchariflorus  'RU2012-069'","Miscanthus sacchariflorus","NE China/Korea/Russia 2x Msa","RU2012-069","Q47678",NA,"UI19-00137","mxg_genotype_exudates","MXG_GENEX"
"Miscanthus sacchariflorus  'RU2012-112'-Accn:RU2012-112-Q47715-Alt:","Miscanthus sacchariflorus  'RU2012-112'","Miscanthus sacchariflorus","NE China/Korea/Russia 2x Msa","RU2012-112","Q47715",NA,"UI19-00174","mxg_genotype_exudates","MXG_GENEX"
"Miscanthus sacchariflorus  'RU2012-112'-Accn:RU2012-112-Q47715-Alt:","Miscanthus sacchariflorus  'RU2012-112'","Miscanthus sacchariflorus","NE China/Korea/Russia 2x Msa","RU2012-112","Q47715",NA,"UI19-00174","mxg_genotype_exudates","MXG_GENEX"
"Miscanthus sacchariflorus  'RU2012-112'-Accn:RU2012-112-Q47715-Alt:","Miscanthus sacchariflorus  'RU2012-112'","Miscanthus sacchariflorus","NE China/Korea/Russia 2x Msa","RU2012-112","Q47715",NA,"UI19-00174","mxg_genotype_exudates","MXG_GENEX"
"Miscanthus sacchariflorus  'RU2012-112'-Accn:RU2012-112-Q47715-Alt:","Miscanthus sacchariflorus  'RU2012-112'","Miscanthus sacchariflorus","NE China/Korea/Russia 2x Msa","RU2012-112","Q47715",NA,"UI19-00174","mxg_genotype_exudates","MXG_GENEX"
"Miscanthus sacchariflorus  'RU2012-112'-Accn:RU2012-112-Q47715-Alt:","Miscanthus sacchariflorus  'RU2012-112'","Miscanthus sacchariflorus","NE China/Korea/Russia 2x Msa","RU2012-112","Q47715",NA,"UI19-00174","mxg_genotype_exudates","MXG_GENEX"
"Miscanthus sacchariflorus  'RU2012-112'-Accn:RU2012-112-Q47715-Alt:","Miscanthus sacchariflorus  'RU2012-112'","Miscanthus sacchariflorus","NE China/Korea/Russia 2x Msa","RU2012-112","Q47715",NA,"UI19-00174","mxg_genotype_exudates","MXG_GENEX"
"Miscanthus sacchariflorus  'RU2012-114'-Accn:RU2012-114-Q47717-Alt:","Miscanthus sacchariflorus  'RU2012-114'","Miscanthus sacchariflorus","NE China/Korea/Russia 2x Msa","RU2012-114","Q47717",NA,"UI19-00176","mxg_genotype_exudates","MXG_GENEX"
"Miscanthus sacchariflorus  'RU2012-114'-Accn:RU2012-114-Q47717-Alt:","Miscanthus sacchariflorus  'RU2012-114'","Miscanthus sacchariflorus","NE China/Korea/Russia 2x Msa","RU2012-114","Q47717",NA,"UI19-00176","mxg_genotype_exudates","MXG_GENEX"
"Miscanthus sacchariflorus  'RU2012-114'-Accn:RU2012-114-Q47717-Alt:","Miscanthus sacchariflorus  'RU2012-114'","Miscanthus sacchariflorus","NE China/Korea/Russia 2x Msa","RU2012-114","Q47717",NA,"UI19-00176","mxg_genotype_exudates","MXG_GENEX"
"Miscanthus sacchariflorus  'RU2012-114'-Accn:RU2012-114-Q47717-Alt:","Miscanthus sacchariflorus  'RU2012-114'","Miscanthus sacchariflorus","NE China/Korea/Russia 2x Msa","RU2012-114","Q47717",NA,"UI19-00176","mxg_genotype_exudates","MXG_GENEX"
"Miscanthus sacchariflorus  'RU2012-114'-Accn:RU2012-114-Q47717-Alt:","Miscanthus sacchariflorus  'RU2012-114'","Miscanthus sacchariflorus","NE China/Korea/Russia 2x Msa","RU2012-114","Q47717",NA,"UI19-00176","mxg_genotype_exudates","MXG_GENEX"
"Miscanthus sacchariflorus  'RU2012-114'-Accn:RU2012-114-Q47717-Alt:","Miscanthus sacchariflorus  'RU2012-114'","Miscanthus sacchariflorus","NE China/Korea/Russia 2x Msa","RU2012-114","Q47717",NA,"UI19-00176","mxg_genotype_exudates","MXG_GENEX"
"Miscanthus sacchariflorus  'RU2012-174'-Accn:RU2012-174-Q47765-Alt:","Miscanthus sacchariflorus  'RU2012-174'","Miscanthus sacchariflorus","NE China/Korea/Russia 2x Msa","RU2012-174","Q47765",NA,"UI19-00223","mxg_genotype_exudates","MXG_GENEX"
"Miscanthus sacchariflorus  'RU2012-174'-Accn:RU2012-174-Q47765-Alt:","Miscanthus sacchariflorus  'RU2012-174'","Miscanthus sacchariflorus","NE China/Korea/Russia 2x Msa","RU2012-174","Q47765",NA,"UI19-00223","mxg_genotype_exudates","MXG_GENEX"
"Miscanthus sacchariflorus  'RU2012-174'-Accn:RU2012-174-Q47765-Alt:","Miscanthus sacchariflorus  'RU2012-174'","Miscanthus sacchariflorus","NE China/Korea/Russia 2x Msa","RU2012-174","Q47765",NA,"UI19-00223","mxg_genotype_exudates","MXG_GENEX"
"Miscanthus sacchariflorus  'RU2012-174'-Accn:RU2012-174-Q47765-Alt:","Miscanthus sacchariflorus  'RU2012-174'","Miscanthus sacchariflorus","NE China/Korea/Russia 2x Msa","RU2012-174","Q47765",NA,"UI19-00223","mxg_genotype_exudates","MXG_GENEX"
"Miscanthus sacchariflorus  'RU2012-174'-Accn:RU2012-174-Q47765-Alt:","Miscanthus sacchariflorus  'RU2012-174'","Miscanthus sacchariflorus","NE China/Korea/Russia 2x Msa","RU2012-174","Q47765",NA,"UI19-00223","mxg_genotype_exudates","MXG_GENEX"
"Miscanthus sacchariflorus  'RU2012-174'-Accn:RU2012-174-Q47765-Alt:","Miscanthus sacchariflorus  'RU2012-174'","Miscanthus sacchariflorus","NE China/Korea/Russia 2x Msa","RU2012-174","Q47765",NA,"UI19-00223","mxg_genotype_exudates","MXG_GENEX"
"Miscanthus sacchariflorus  'Robustus-Bluemel'-Accn:UI10-00009--Alt:","Miscanthus sacchariflorus  'Robustus-Bluemel'","Miscanthus sacchariflorus","NE China/Korea/Russia 2x Msa","UI10-00009",NA,NA,"UI19-00096","mxg_genotype_exudates","MXG_GENEX"
"Miscanthus sacchariflorus  'Robustus-Bluemel'-Accn:UI10-00009--Alt:","Miscanthus sacchariflorus  'Robustus-Bluemel'","Miscanthus sacchariflorus","NE China/Korea/Russia 2x Msa","UI10-00009",NA,NA,"UI19-00096","mxg_genotype_exudates","MXG_GENEX"
"Miscanthus sacchariflorus  'Robustus-Bluemel'-Accn:UI10-00009--Alt:","Miscanthus sacchariflorus  'Robustus-Bluemel'","Miscanthus sacchariflorus","NE China/Korea/Russia 2x Msa","UI10-00009",NA,NA,"UI19-00096","mxg_genotype_exudates","MXG_GENEX"
"Miscanthus sacchariflorus  'Robustus-Bluemel'-Accn:UI10-00009--Alt:","Miscanthus sacchariflorus  'Robustus-Bluemel'","Miscanthus sacchariflorus","NE China/Korea/Russia 2x Msa","UI10-00009",NA,NA,"UI19-00096","mxg_genotype_exudates","MXG_GENEX"
"Miscanthus sacchariflorus  'Robustus-Bluemel'-Accn:UI10-00009--Alt:","Miscanthus sacchariflorus  'Robustus-Bluemel'","Miscanthus sacchariflorus","NE China/Korea/Russia 2x Msa","UI10-00009",NA,NA,"UI19-00096","mxg_genotype_exudates","MXG_GENEX"
"Miscanthus sacchariflorus  'Robustus-Bluemel'-Accn:UI10-00009--Alt:","Miscanthus sacchariflorus  'Robustus-Bluemel'","Miscanthus sacchariflorus","NE China/Korea/Russia 2x Msa","UI10-00009",NA,NA,"UI19-00096","mxg_genotype_exudates","MXG_GENEX"
"Miscanthus sacchariflorus 4x  'Tohoku-2010-036'-Accn:JPN-2010-002-Q46424-Alt:JPN-2010-002","Miscanthus sacchariflorus 4x  'Tohoku-2010-036'","Miscanthus sacchariflorus 4x","S Japan 4x Msa","JPN-2010-002","Q46424","JPN-2010-002","UI19-00262","mxg_genotype_exudates","MXG_GENEX"
"Miscanthus sacchariflorus 4x  'Tohoku-2010-036'-Accn:JPN-2010-002-Q46424-Alt:JPN-2010-002","Miscanthus sacchariflorus 4x  'Tohoku-2010-036'","Miscanthus sacchariflorus 4x","S Japan 4x Msa","JPN-2010-002","Q46424","JPN-2010-002","UI19-00262","mxg_genotype_exudates","MXG_GENEX"
"Miscanthus sacchariflorus 4x  'Tohoku-2010-036'-Accn:JPN-2010-002-Q46424-Alt:JPN-2010-002","Miscanthus sacchariflorus 4x  'Tohoku-2010-036'","Miscanthus sacchariflorus 4x","S Japan 4x Msa","JPN-2010-002","Q46424","JPN-2010-002","UI19-00262","mxg_genotype_exudates","MXG_GENEX"
"Miscanthus sacchariflorus 4x  'Tohoku-2010-036'-Accn:JPN-2010-002-Q46424-Alt:JPN-2010-002","Miscanthus sacchariflorus 4x  'Tohoku-2010-036'","Miscanthus sacchariflorus 4x","S Japan 4x Msa","JPN-2010-002","Q46424","JPN-2010-002","UI19-00262","mxg_genotype_exudates","MXG_GENEX"
"Miscanthus sacchariflorus 4x  'Tohoku-2010-036'-Accn:JPN-2010-002-Q46424-Alt:JPN-2010-002","Miscanthus sacchariflorus 4x  'Tohoku-2010-036'","Miscanthus sacchariflorus 4x","S Japan 4x Msa","JPN-2010-002","Q46424","JPN-2010-002","UI19-00262","mxg_genotype_exudates","MXG_GENEX"
"Miscanthus sacchariflorus 4x  'Tohoku-2010-036'-Accn:JPN-2010-002-Q46424-Alt:JPN-2010-002","Miscanthus sacchariflorus 4x  'Tohoku-2010-036'","Miscanthus sacchariflorus 4x","S Japan 4x Msa","JPN-2010-002","Q46424","JPN-2010-002","UI19-00262","mxg_genotype_exudates","MXG_GENEX"
"Miscanthus sacchariflorus 4x  'Tohoku-2010-014'-Accn:JPN-2010-006-Q46428-Alt:JPN-2010-006","Miscanthus sacchariflorus 4x  'Tohoku-2010-014'","Miscanthus sacchariflorus 4x","S Japan 4x Msa","JPN-2010-006","Q46428","JPN-2010-006","UI19-00275","mxg_genotype_exudates","MXG_GENEX"
"Miscanthus sacchariflorus 4x  'Tohoku-2010-014'-Accn:JPN-2010-006-Q46428-Alt:JPN-2010-006","Miscanthus sacchariflorus 4x  'Tohoku-2010-014'","Miscanthus sacchariflorus 4x","S Japan 4x Msa","JPN-2010-006","Q46428","JPN-2010-006","UI19-00275","mxg_genotype_exudates","MXG_GENEX"
"Miscanthus sacchariflorus 4x  'Tohoku-2010-014'-Accn:JPN-2010-006-Q46428-Alt:JPN-2010-006","Miscanthus sacchariflorus 4x  'Tohoku-2010-014'","Miscanthus sacchariflorus 4x","S Japan 4x Msa","JPN-2010-006","Q46428","JPN-2010-006","UI19-00275","mxg_genotype_exudates","MXG_GENEX"
"Miscanthus sacchariflorus 4x  'Tohoku-2010-014'-Accn:JPN-2010-006-Q46428-Alt:JPN-2010-006","Miscanthus sacchariflorus 4x  'Tohoku-2010-014'","Miscanthus sacchariflorus 4x","S Japan 4x Msa","JPN-2010-006","Q46428","JPN-2010-006","UI19-00275","mxg_genotype_exudates","MXG_GENEX"
"Miscanthus sacchariflorus 4x  'Tohoku-2010-014'-Accn:JPN-2010-006-Q46428-Alt:JPN-2010-006","Miscanthus sacchariflorus 4x  'Tohoku-2010-014'","Miscanthus sacchariflorus 4x","S Japan 4x Msa","JPN-2010-006","Q46428","JPN-2010-006","UI19-00275","mxg_genotype_exudates","MXG_GENEX"
"Miscanthus sacchariflorus 4x  'Tohoku-2010-014'-Accn:JPN-2010-006-Q46428-Alt:JPN-2010-006","Miscanthus sacchariflorus 4x  'Tohoku-2010-014'","Miscanthus sacchariflorus 4x","S Japan 4x Msa","JPN-2010-006","Q46428","JPN-2010-006","UI19-00275","mxg_genotype_exudates","MXG_GENEX"
"Miscanthus sacchariflorus 4x  'Gifu-2010-016'-Accn:JPN-2011-004-Q46804-Alt:JPN-2011-004","Miscanthus sacchariflorus 4x  'Gifu-2010-016'","Miscanthus sacchariflorus 4x","S Japan 4x Msa","JPN-2011-004","Q46804","JPN-2011-004","UI19-00260","mxg_genotype_exudates","MXG_GENEX"
"Miscanthus sacchariflorus 4x  'Gifu-2010-016'-Accn:JPN-2011-004-Q46804-Alt:JPN-2011-004","Miscanthus sacchariflorus 4x  'Gifu-2010-016'","Miscanthus sacchariflorus 4x","S Japan 4x Msa","JPN-2011-004","Q46804","JPN-2011-004","UI19-00260","mxg_genotype_exudates","MXG_GENEX"
"Miscanthus sacchariflorus 4x  'Gifu-2010-016'-Accn:JPN-2011-004-Q46804-Alt:JPN-2011-004","Miscanthus sacchariflorus 4x  'Gifu-2010-016'","Miscanthus sacchariflorus 4x","S Japan 4x Msa","JPN-2011-004","Q46804","JPN-2011-004","UI19-00260","mxg_genotype_exudates","MXG_GENEX"
"Miscanthus sacchariflorus 4x  'Gifu-2010-016'-Accn:JPN-2011-004-Q46804-Alt:JPN-2011-004","Miscanthus sacchariflorus 4x  'Gifu-2010-016'","Miscanthus sacchariflorus 4x","S Japan 4x Msa","JPN-2011-004","Q46804","JPN-2011-004","UI19-00260","mxg_genotype_exudates","MXG_GENEX"
"Miscanthus sacchariflorus 4x  'Gifu-2010-016'-Accn:JPN-2011-004-Q46804-Alt:JPN-2011-004","Miscanthus sacchariflorus 4x  'Gifu-2010-016'","Miscanthus sacchariflorus 4x","S Japan 4x Msa","JPN-2011-004","Q46804","JPN-2011-004","UI19-00260","mxg_genotype_exudates","MXG_GENEX"
"Miscanthus sacchariflorus 4x  'Gifu-2010-016'-Accn:JPN-2011-004-Q46804-Alt:JPN-2011-004","Miscanthus sacchariflorus 4x  'Gifu-2010-016'","Miscanthus sacchariflorus 4x","S Japan 4x Msa","JPN-2011-004","Q46804","JPN-2011-004","UI19-00260","mxg_genotype_exudates","MXG_GENEX"
"Miscanthus sacchariflorus 4x  'Gifu-2010-024'-Accn:JPN-2011-012-Q46812-Alt:JPN-2011-012","Miscanthus sacchariflorus 4x  'Gifu-2010-024'","Miscanthus sacchariflorus 4x","S Japan 4x Msa","JPN-2011-012","Q46812","JPN-2011-012","UI19-00272","mxg_genotype_exudates","MXG_GENEX"
"Miscanthus sacchariflorus 4x  'Gifu-2010-024'-Accn:JPN-2011-012-Q46812-Alt:JPN-2011-012","Miscanthus sacchariflorus 4x  'Gifu-2010-024'","Miscanthus sacchariflorus 4x","S Japan 4x Msa","JPN-2011-012","Q46812","JPN-2011-012","UI19-00272","mxg_genotype_exudates","MXG_GENEX"
"Miscanthus sacchariflorus 4x  'Gifu-2010-024'-Accn:JPN-2011-012-Q46812-Alt:JPN-2011-012","Miscanthus sacchariflorus 4x  'Gifu-2010-024'","Miscanthus sacchariflorus 4x","S Japan 4x Msa","JPN-2011-012","Q46812","JPN-2011-012","UI19-00272","mxg_genotype_exudates","MXG_GENEX"
"Miscanthus sacchariflorus 4x  'Gifu-2010-024'-Accn:JPN-2011-012-Q46812-Alt:JPN-2011-012","Miscanthus sacchariflorus 4x  'Gifu-2010-024'","Miscanthus sacchariflorus 4x","S Japan 4x Msa","JPN-2011-012","Q46812","JPN-2011-012","UI19-00272","mxg_genotype_exudates","MXG_GENEX"
"Miscanthus sacchariflorus 4x  'Gifu-2010-024'-Accn:JPN-2011-012-Q46812-Alt:JPN-2011-012","Miscanthus sacchariflorus 4x  'Gifu-2010-024'","Miscanthus sacchariflorus 4x","S Japan 4x Msa","JPN-2011-012","Q46812","JPN-2011-012","UI19-00272","mxg_genotype_exudates","MXG_GENEX"
"Miscanthus sacchariflorus 4x  'Gifu-2010-024'-Accn:JPN-2011-012-Q46812-Alt:JPN-2011-012","Miscanthus sacchariflorus 4x  'Gifu-2010-024'","Miscanthus sacchariflorus 4x","S Japan 4x Msa","JPN-2011-012","Q46812","JPN-2011-012","UI19-00272","mxg_genotype_exudates","MXG_GENEX"
"Miscanthus sacchariflorus 4x  'Hokkaido Univ-selection-3'-Accn:JPN-2011-023-Q46823-Alt:JPN-2011-023","Miscanthus sacchariflorus 4x  'Hokkaido Univ-selection-3'","Miscanthus sacchariflorus 4x","S Japan 4x Msa","JPN-2011-023","Q46823","JPN-2011-023","UI19-00295","mxg_genotype_exudates","MXG_GENEX"
"Miscanthus sacchariflorus 4x  'Hokkaido Univ-selection-3'-Accn:JPN-2011-023-Q46823-Alt:JPN-2011-023","Miscanthus sacchariflorus 4x  'Hokkaido Univ-selection-3'","Miscanthus sacchariflorus 4x","S Japan 4x Msa","JPN-2011-023","Q46823","JPN-2011-023","UI19-00295","mxg_genotype_exudates","MXG_GENEX"
"Miscanthus sacchariflorus 4x  'Hokkaido Univ-selection-3'-Accn:JPN-2011-023-Q46823-Alt:JPN-2011-023","Miscanthus sacchariflorus 4x  'Hokkaido Univ-selection-3'","Miscanthus sacchariflorus 4x","S Japan 4x Msa","JPN-2011-023","Q46823","JPN-2011-023","UI19-00295","mxg_genotype_exudates","MXG_GENEX"
"Miscanthus sacchariflorus 4x  'Hokkaido Univ-selection-3'-Accn:JPN-2011-023-Q46823-Alt:JPN-2011-023","Miscanthus sacchariflorus 4x  'Hokkaido Univ-selection-3'","Miscanthus sacchariflorus 4x","S Japan 4x Msa","JPN-2011-023","Q46823","JPN-2011-023","UI19-00295","mxg_genotype_exudates","MXG_GENEX"
"Miscanthus sacchariflorus 4x  'Hokkaido Univ-selection-3'-Accn:JPN-2011-023-Q46823-Alt:JPN-2011-023","Miscanthus sacchariflorus 4x  'Hokkaido Univ-selection-3'","Miscanthus sacchariflorus 4x","S Japan 4x Msa","JPN-2011-023","Q46823","JPN-2011-023","UI19-00295","mxg_genotype_exudates","MXG_GENEX"
"Miscanthus sacchariflorus 4x  'Hokkaido Univ-selection-3'-Accn:JPN-2011-023-Q46823-Alt:JPN-2011-023","Miscanthus sacchariflorus 4x  'Hokkaido Univ-selection-3'","Miscanthus sacchariflorus 4x","S Japan 4x Msa","JPN-2011-023","Q46823","JPN-2011-023","UI19-00295","mxg_genotype_exudates","MXG_GENEX"
"Miscanthus sacchariflorus 4x  'EMI-5'-Accn:UI11-00027--Alt:","Miscanthus sacchariflorus 4x  'EMI-5'","Miscanthus sacchariflorus 4x","S Japan 4x Msa","UI11-00027",NA,NA,"UI19-00298","mxg_genotype_exudates","MXG_GENEX"
"Miscanthus sacchariflorus 4x  'EMI-5'-Accn:UI11-00027--Alt:","Miscanthus sacchariflorus 4x  'EMI-5'","Miscanthus sacchariflorus 4x","S Japan 4x Msa","UI11-00027",NA,NA,"UI19-00298","mxg_genotype_exudates","MXG_GENEX"
"Miscanthus sacchariflorus 4x  'EMI-5'-Accn:UI11-00027--Alt:","Miscanthus sacchariflorus 4x  'EMI-5'","Miscanthus sacchariflorus 4x","S Japan 4x Msa","UI11-00027",NA,NA,"UI19-00298","mxg_genotype_exudates","MXG_GENEX"
"Miscanthus sacchariflorus 4x  'EMI-5'-Accn:UI11-00027--Alt:","Miscanthus sacchariflorus 4x  'EMI-5'","Miscanthus sacchariflorus 4x","S Japan 4x Msa","UI11-00027",NA,NA,"UI19-00298","mxg_genotype_exudates","MXG_GENEX"
"Miscanthus sacchariflorus 4x  'EMI-5'-Accn:UI11-00027--Alt:","Miscanthus sacchariflorus 4x  'EMI-5'","Miscanthus sacchariflorus 4x","S Japan 4x Msa","UI11-00027",NA,NA,"UI19-00298","mxg_genotype_exudates","MXG_GENEX"
"Miscanthus sacchariflorus 4x  'EMI-5'-Accn:UI11-00027--Alt:","Miscanthus sacchariflorus 4x  'EMI-5'","Miscanthus sacchariflorus 4x","S Japan 4x Msa","UI11-00027",NA,NA,"UI19-00298","mxg_genotype_exudates","MXG_GENEX"
"Miscanthus sacchariflorus ssp. lutarioriparius  'JY016'-Accn:JY016-Q49871-Alt:","Miscanthus sacchariflorus ssp. lutarioriparius  'JY016'","Miscanthus sacchariflorus ssp. lutarioriparius","Yangtze 2x (ssp. lutarioriparius) Msa","JY016","Q49871",NA,"UI19-00387","mxg_genotype_exudates","MXG_GENEX"
"Miscanthus sacchariflorus ssp. lutarioriparius  'JY016'-Accn:JY016-Q49871-Alt:","Miscanthus sacchariflorus ssp. lutarioriparius  'JY016'","Miscanthus sacchariflorus ssp. lutarioriparius","Yangtze 2x (ssp. lutarioriparius) Msa","JY016","Q49871",NA,"UI19-00387","mxg_genotype_exudates","MXG_GENEX"
"Miscanthus sacchariflorus ssp. lutarioriparius  'JY016'-Accn:JY016-Q49871-Alt:","Miscanthus sacchariflorus ssp. lutarioriparius  'JY016'","Miscanthus sacchariflorus ssp. lutarioriparius","Yangtze 2x (ssp. lutarioriparius) Msa","JY016","Q49871",NA,"UI19-00387","mxg_genotype_exudates","MXG_GENEX"
"Miscanthus sacchariflorus ssp. lutarioriparius  'JY016'-Accn:JY016-Q49871-Alt:","Miscanthus sacchariflorus ssp. lutarioriparius  'JY016'","Miscanthus sacchariflorus ssp. lutarioriparius","Yangtze 2x (ssp. lutarioriparius) Msa","JY016","Q49871",NA,"UI19-00387","mxg_genotype_exudates","MXG_GENEX"
"Miscanthus sacchariflorus ssp. lutarioriparius  'JY016'-Accn:JY016-Q49871-Alt:","Miscanthus sacchariflorus ssp. lutarioriparius  'JY016'","Miscanthus sacchariflorus ssp. lutarioriparius","Yangtze 2x (ssp. lutarioriparius) Msa","JY016","Q49871",NA,"UI19-00387","mxg_genotype_exudates","MXG_GENEX"
"Miscanthus sacchariflorus ssp. lutarioriparius  'JY016'-Accn:JY016-Q49871-Alt:","Miscanthus sacchariflorus ssp. lutarioriparius  'JY016'","Miscanthus sacchariflorus ssp. lutarioriparius","Yangtze 2x (ssp. lutarioriparius) Msa","JY016","Q49871",NA,"UI19-00387","mxg_genotype_exudates","MXG_GENEX"
"Miscanthus sacchariflorus ssp. lutarioriparius  'JY025'-Accn:JY025-Q49880-Alt:","Miscanthus sacchariflorus ssp. lutarioriparius  'JY025'","Miscanthus sacchariflorus ssp. lutarioriparius","Yangtze 2x (ssp. lutarioriparius) Msa","JY025","Q49880",NA,"UI19-00391","mxg_genotype_exudates","MXG_GENEX"
"Miscanthus sacchariflorus ssp. lutarioriparius  'JY025'-Accn:JY025-Q49880-Alt:","Miscanthus sacchariflorus ssp. lutarioriparius  'JY025'","Miscanthus sacchariflorus ssp. lutarioriparius","Yangtze 2x (ssp. lutarioriparius) Msa","JY025","Q49880",NA,"UI19-00391","mxg_genotype_exudates","MXG_GENEX"
"Miscanthus sacchariflorus ssp. lutarioriparius  'JY025'-Accn:JY025-Q49880-Alt:","Miscanthus sacchariflorus ssp. lutarioriparius  'JY025'","Miscanthus sacchariflorus ssp. lutarioriparius","Yangtze 2x (ssp. lutarioriparius) Msa","JY025","Q49880",NA,"UI19-00391","mxg_genotype_exudates","MXG_GENEX"
"Miscanthus sacchariflorus ssp. lutarioriparius  'JY025'-Accn:JY025-Q49880-Alt:","Miscanthus sacchariflorus ssp. lutarioriparius  'JY025'","Miscanthus sacchariflorus ssp. lutarioriparius","Yangtze 2x (ssp. lutarioriparius) Msa","JY025","Q49880",NA,"UI19-00391","mxg_genotype_exudates","MXG_GENEX"
"Miscanthus sacchariflorus ssp. lutarioriparius  'JY025'-Accn:JY025-Q49880-Alt:","Miscanthus sacchariflorus ssp. lutarioriparius  'JY025'","Miscanthus sacchariflorus ssp. lutarioriparius","Yangtze 2x (ssp. lutarioriparius) Msa","JY025","Q49880",NA,"UI19-00391","mxg_genotype_exudates","MXG_GENEX"
"Miscanthus sacchariflorus ssp. lutarioriparius  'JY025'-Accn:JY025-Q49880-Alt:","Miscanthus sacchariflorus ssp. lutarioriparius  'JY025'","Miscanthus sacchariflorus ssp. lutarioriparius","Yangtze 2x (ssp. lutarioriparius) Msa","JY025","Q49880",NA,"UI19-00391","mxg_genotype_exudates","MXG_GENEX"
"Miscanthus sacchariflorus ssp. lutarioriparius  'JY045'-Accn:JY045-Q49898-Alt:","Miscanthus sacchariflorus ssp. lutarioriparius  'JY045'","Miscanthus sacchariflorus ssp. lutarioriparius","Yangtze 2x (ssp. lutarioriparius) Msa","JY045","Q49898",NA,"UI19-00400","mxg_genotype_exudates","MXG_GENEX"
"Miscanthus sacchariflorus ssp. lutarioriparius  'JY045'-Accn:JY045-Q49898-Alt:","Miscanthus sacchariflorus ssp. lutarioriparius  'JY045'","Miscanthus sacchariflorus ssp. lutarioriparius","Yangtze 2x (ssp. lutarioriparius) Msa","JY045","Q49898",NA,"UI19-00400","mxg_genotype_exudates","MXG_GENEX"
"Miscanthus sacchariflorus ssp. lutarioriparius  'JY045'-Accn:JY045-Q49898-Alt:","Miscanthus sacchariflorus ssp. lutarioriparius  'JY045'","Miscanthus sacchariflorus ssp. lutarioriparius","Yangtze 2x (ssp. lutarioriparius) Msa","JY045","Q49898",NA,"UI19-00400","mxg_genotype_exudates","MXG_GENEX"
"Miscanthus sacchariflorus ssp. lutarioriparius  'JY045'-Accn:JY045-Q49898-Alt:","Miscanthus sacchariflorus ssp. lutarioriparius  'JY045'","Miscanthus sacchariflorus ssp. lutarioriparius","Yangtze 2x (ssp. lutarioriparius) Msa","JY045","Q49898",NA,"UI19-00400","mxg_genotype_exudates","MXG_GENEX"
"Miscanthus sacchariflorus ssp. lutarioriparius  'JY045'-Accn:JY045-Q49898-Alt:","Miscanthus sacchariflorus ssp. lutarioriparius  'JY045'","Miscanthus sacchariflorus ssp. lutarioriparius","Yangtze 2x (ssp. lutarioriparius) Msa","JY045","Q49898",NA,"UI19-00400","mxg_genotype_exudates","MXG_GENEX"
"Miscanthus sacchariflorus ssp. lutarioriparius  'JY045'-Accn:JY045-Q49898-Alt:","Miscanthus sacchariflorus ssp. lutarioriparius  'JY045'","Miscanthus sacchariflorus ssp. lutarioriparius","Yangtze 2x (ssp. lutarioriparius) Msa","JY045","Q49898",NA,"UI19-00400","mxg_genotype_exudates","MXG_GENEX"
"Miscanthus sacchariflorus ssp. lutarioriparius  'PF30022'-Accn:UI11-00031--Alt:","Miscanthus sacchariflorus ssp. lutarioriparius  'PF30022'","Miscanthus sacchariflorus ssp. lutarioriparius","Yangtze 2x (ssp. lutarioriparius) Msa","UI11-00031",NA,NA,"UI19-00392","mxg_genotype_exudates","MXG_GENEX"
"Miscanthus sacchariflorus ssp. lutarioriparius  'PF30022'-Accn:UI11-00031--Alt:","Miscanthus sacchariflorus ssp. lutarioriparius  'PF30022'","Miscanthus sacchariflorus ssp. lutarioriparius","Yangtze 2x (ssp. lutarioriparius) Msa","UI11-00031",NA,NA,"UI19-00392","mxg_genotype_exudates","MXG_GENEX"
"Miscanthus sacchariflorus ssp. lutarioriparius  'PF30022'-Accn:UI11-00031--Alt:","Miscanthus sacchariflorus ssp. lutarioriparius  'PF30022'","Miscanthus sacchariflorus ssp. lutarioriparius","Yangtze 2x (ssp. lutarioriparius) Msa","UI11-00031",NA,NA,"UI19-00392","mxg_genotype_exudates","MXG_GENEX"
"Miscanthus sacchariflorus ssp. lutarioriparius  'PF30022'-Accn:UI11-00031--Alt:","Miscanthus sacchariflorus ssp. lutarioriparius  'PF30022'","Miscanthus sacchariflorus ssp. lutarioriparius","Yangtze 2x (ssp. lutarioriparius) Msa","UI11-00031",NA,NA,"UI19-00392","mxg_genotype_exudates","MXG_GENEX"
"Miscanthus sacchariflorus ssp. lutarioriparius  'PF30022'-Accn:UI11-00031--Alt:","Miscanthus sacchariflorus ssp. lutarioriparius  'PF30022'","Miscanthus sacchariflorus ssp. lutarioriparius","Yangtze 2x (ssp. lutarioriparius) Msa","UI11-00031",NA,NA,"UI19-00392","mxg_genotype_exudates","MXG_GENEX"
"Miscanthus sacchariflorus ssp. lutarioriparius  'PF30022'-Accn:UI11-00031--Alt:","Miscanthus sacchariflorus ssp. lutarioriparius  'PF30022'","Miscanthus sacchariflorus ssp. lutarioriparius","Yangtze 2x (ssp. lutarioriparius) Msa","UI11-00031",NA,NA,"UI19-00392","mxg_genotype_exudates","MXG_GENEX"
"Miscanthus sinensis  'Strictus'-Accn:UI10-00092--Alt:","Miscanthus sinensis  'Strictus'","Miscanthus sinensis","C Japan Msi","UI10-00092",NA,NA,"UI10-00092","mxg_genotype_exudates","MXG_GENEX"
"Miscanthus sinensis  'Strictus'-Accn:UI10-00092--Alt:","Miscanthus sinensis  'Strictus'","Miscanthus sinensis","C Japan Msi","UI10-00092",NA,NA,"UI10-00092","mxg_genotype_exudates","MXG_GENEX"
"Miscanthus sinensis  'Strictus'-Accn:UI10-00092--Alt:","Miscanthus sinensis  'Strictus'","Miscanthus sinensis","C Japan Msi","UI10-00092",NA,NA,"UI10-00092","mxg_genotype_exudates","MXG_GENEX"
"Miscanthus sinensis  'Strictus'-Accn:UI10-00092--Alt:","Miscanthus sinensis  'Strictus'","Miscanthus sinensis","C Japan Msi","UI10-00092",NA,NA,"UI10-00092","mxg_genotype_exudates","MXG_GENEX"
"Miscanthus sinensis  'Strictus'-Accn:UI10-00092--Alt:","Miscanthus sinensis  'Strictus'","Miscanthus sinensis","C Japan Msi","UI10-00092",NA,NA,"UI10-00092","mxg_genotype_exudates","MXG_GENEX"
"Miscanthus sinensis  'Strictus'-Accn:UI10-00092--Alt:","Miscanthus sinensis  'Strictus'","Miscanthus sinensis","C Japan Msi","UI10-00092",NA,NA,"UI10-00092","mxg_genotype_exudates","MXG_GENEX"
"Miscanthus sinensis 'Sugadaira'-Accn:UI11-00002--Alt:Koike-25","Miscanthus sinensis ‘Sugadaira’","Miscanthus sinensis","C Japan Msi","UI11-00002",NA,"Koike-25","UI11-00002","mxg_genotype_exudates","MXG_GENEX"
"Miscanthus sinensis 'Sugadaira'-Accn:UI11-00002--Alt:Koike-25","Miscanthus sinensis ‘Sugadaira’","Miscanthus sinensis","C Japan Msi","UI11-00002",NA,"Koike-25","UI11-00002","mxg_genotype_exudates","MXG_GENEX"
"Miscanthus sinensis 'Sugadaira'-Accn:UI11-00002--Alt:Koike-25","Miscanthus sinensis ‘Sugadaira’","Miscanthus sinensis","C Japan Msi","UI11-00002",NA,"Koike-25","UI11-00002","mxg_genotype_exudates","MXG_GENEX"
"Miscanthus sinensis 'Sugadaira'-Accn:UI11-00002--Alt:Koike-25","Miscanthus sinensis ‘Sugadaira’","Miscanthus sinensis","C Japan Msi","UI11-00002",NA,"Koike-25","UI11-00002","mxg_genotype_exudates","MXG_GENEX"
"Miscanthus sinensis 'Sugadaira'-Accn:UI11-00002--Alt:Koike-25","Miscanthus sinensis ‘Sugadaira’","Miscanthus sinensis","C Japan Msi","UI11-00002",NA,"Koike-25","UI11-00002","mxg_genotype_exudates","MXG_GENEX"
"Miscanthus sinensis 'Sugadaira'-Accn:UI11-00002--Alt:Koike-25","Miscanthus sinensis ‘Sugadaira’","Miscanthus sinensis","C Japan Msi","UI11-00002",NA,"Koike-25","UI11-00002","mxg_genotype_exudates","MXG_GENEX"
"Miscanthus sinensis  'PA-2010-003 Nat Pop 2011-93-1-10'-Accn:UI14-00020--Alt:","Miscanthus sinensis  'PA-2010-003 Nat Pop 2011-93-1-10'","Miscanthus sinensis","C Japan Msi","UI14-00020",NA,NA,"UI14-00020","mxg_genotype_exudates","MXG_GENEX"
"Miscanthus sinensis  'PA-2010-003 Nat Pop 2011-93-1-10'-Accn:UI14-00020--Alt:","Miscanthus sinensis  'PA-2010-003 Nat Pop 2011-93-1-10'","Miscanthus sinensis","C Japan Msi","UI14-00020",NA,NA,"UI14-00020","mxg_genotype_exudates","MXG_GENEX"
"Miscanthus sinensis  'PA-2010-003 Nat Pop 2011-93-1-10'-Accn:UI14-00020--Alt:","Miscanthus sinensis  'PA-2010-003 Nat Pop 2011-93-1-10'","Miscanthus sinensis","C Japan Msi","UI14-00020",NA,NA,"UI14-00020","mxg_genotype_exudates","MXG_GENEX"
"Miscanthus sinensis  'PA-2010-003 Nat Pop 2011-93-1-10'-Accn:UI14-00020--Alt:","Miscanthus sinensis  'PA-2010-003 Nat Pop 2011-93-1-10'","Miscanthus sinensis","C Japan Msi","UI14-00020",NA,NA,"UI14-00020","mxg_genotype_exudates","MXG_GENEX"
"Miscanthus sinensis  'PA-2010-003 Nat Pop 2011-93-1-10'-Accn:UI14-00020--Alt:","Miscanthus sinensis  'PA-2010-003 Nat Pop 2011-93-1-10'","Miscanthus sinensis","C Japan Msi","UI14-00020",NA,NA,"UI14-00020","mxg_genotype_exudates","MXG_GENEX"
"Miscanthus sinensis  'PA-2010-003 Nat Pop 2011-93-1-10'-Accn:UI14-00020--Alt:","Miscanthus sinensis  'PA-2010-003 Nat Pop 2011-93-1-10'","Miscanthus sinensis","C Japan Msi","UI14-00020",NA,NA,"UI14-00020","mxg_genotype_exudates","MXG_GENEX"
"Miscanthus sinensis ssp. transmorrisonensis  'Digging Dog'-Accn:UI25-00001--Alt:","Miscanthus sinensis ssp. transmorrisonensis  'Digging Dog'","Miscanthus sinensis ssp. transmorrisonensis","SE China Msi","UI25-00001",NA,NA,"UI25-00001","mxg_genotype_exudates","MXG_GENEX"
"Miscanthus sinensis ssp. transmorrisonensis  'Digging Dog'-Accn:UI25-00001--Alt:","Miscanthus sinensis ssp. transmorrisonensis  'Digging Dog'","Miscanthus sinensis ssp. transmorrisonensis","SE China Msi","UI25-00001",NA,NA,"UI25-00001","mxg_genotype_exudates","MXG_GENEX"
"Miscanthus sinensis ssp. transmorrisonensis  'Digging Dog'-Accn:UI25-00001--Alt:","Miscanthus sinensis ssp. transmorrisonensis  'Digging Dog'","Miscanthus sinensis ssp. transmorrisonensis","SE China Msi","UI25-00001",NA,NA,"UI25-00001","mxg_genotype_exudates","MXG_GENEX"
"Miscanthus sinensis ssp. transmorrisonensis  'Digging Dog'-Accn:UI25-00001--Alt:","Miscanthus sinensis ssp. transmorrisonensis  'Digging Dog'","Miscanthus sinensis ssp. transmorrisonensis","SE China Msi","UI25-00001",NA,NA,"UI25-00001","mxg_genotype_exudates","MXG_GENEX"
"Miscanthus sinensis ssp. transmorrisonensis  'Digging Dog'-Accn:UI25-00001--Alt:","Miscanthus sinensis ssp. transmorrisonensis  'Digging Dog'","Miscanthus sinensis ssp. transmorrisonensis","SE China Msi","UI25-00001",NA,NA,"UI25-00001","mxg_genotype_exudates","MXG_GENEX"
"Miscanthus sinensis ssp. transmorrisonensis  'Digging Dog'-Accn:UI25-00001--Alt:","Miscanthus sinensis ssp. transmorrisonensis  'Digging Dog'","Miscanthus sinensis ssp. transmorrisonensis","SE China Msi","UI25-00001",NA,NA,"UI25-00001","mxg_genotype_exudates","MXG_GENEX"
"Miscanthus sinensis  'KMS023'-Accn:KMS023-Q49557-Alt:","Miscanthus sinensis  'KMS023'","Miscanthus sinensis","Korea, N China Msi","KMS023","Q49557",NA,"KMS023","mxg_genotype_exudates","MXG_GENEX"
"Miscanthus sinensis  'KMS023'-Accn:KMS023-Q49557-Alt:","Miscanthus sinensis  'KMS023'","Miscanthus sinensis","Korea, N China Msi","KMS023","Q49557",NA,"KMS023","mxg_genotype_exudates","MXG_GENEX"
"Miscanthus sinensis  'KMS023'-Accn:KMS023-Q49557-Alt:","Miscanthus sinensis  'KMS023'","Miscanthus sinensis","Korea, N China Msi","KMS023","Q49557",NA,"KMS023","mxg_genotype_exudates","MXG_GENEX"
"Miscanthus sinensis  'KMS023'-Accn:KMS023-Q49557-Alt:","Miscanthus sinensis  'KMS023'","Miscanthus sinensis","Korea, N China Msi","KMS023","Q49557",NA,"KMS023","mxg_genotype_exudates","MXG_GENEX"
"Miscanthus sinensis  'KMS023'-Accn:KMS023-Q49557-Alt:","Miscanthus sinensis  'KMS023'","Miscanthus sinensis","Korea, N China Msi","KMS023","Q49557",NA,"KMS023","mxg_genotype_exudates","MXG_GENEX"
"Miscanthus sinensis  'KMS023'-Accn:KMS023-Q49557-Alt:","Miscanthus sinensis  'KMS023'","Miscanthus sinensis","Korea, N China Msi","KMS023","Q49557",NA,"KMS023","mxg_genotype_exudates","MXG_GENEX"
"Miscanthus sinensis  'KMS068'-Accn:KMS068-Q49571-Alt:","Miscanthus sinensis  'KMS068'","Miscanthus sinensis","Korea, N China Msi","KMS068","Q49571",NA,"KMS068","mxg_genotype_exudates","MXG_GENEX"
"Miscanthus sinensis  'KMS068'-Accn:KMS068-Q49571-Alt:","Miscanthus sinensis  'KMS068'","Miscanthus sinensis","Korea, N China Msi","KMS068","Q49571",NA,"KMS068","mxg_genotype_exudates","MXG_GENEX"
"Miscanthus sinensis  'KMS068'-Accn:KMS068-Q49571-Alt:","Miscanthus sinensis  'KMS068'","Miscanthus sinensis","Korea, N China Msi","KMS068","Q49571",NA,"KMS068","mxg_genotype_exudates","MXG_GENEX"
"Miscanthus sinensis  'KMS068'-Accn:KMS068-Q49571-Alt:","Miscanthus sinensis  'KMS068'","Miscanthus sinensis","Korea, N China Msi","KMS068","Q49571",NA,"KMS068","mxg_genotype_exudates","MXG_GENEX"
"Miscanthus sinensis  'KMS068'-Accn:KMS068-Q49571-Alt:","Miscanthus sinensis  'KMS068'","Miscanthus sinensis","Korea, N China Msi","KMS068","Q49571",NA,"KMS068","mxg_genotype_exudates","MXG_GENEX"
"Miscanthus sinensis  'KMS068'-Accn:KMS068-Q49571-Alt:","Miscanthus sinensis  'KMS068'","Miscanthus sinensis","Korea, N China Msi","KMS068","Q49571",NA,"KMS068","mxg_genotype_exudates","MXG_GENEX"
"Miscanthus sinensis  'KMS113'-Accn:KMS113-Q49591-Alt:","Miscanthus sinensis  'KMS113'","Miscanthus sinensis","Korea, N China Msi","KMS113","Q49591",NA,"KMS113","mxg_genotype_exudates","MXG_GENEX"
"Miscanthus sinensis  'KMS113'-Accn:KMS113-Q49591-Alt:","Miscanthus sinensis  'KMS113'","Miscanthus sinensis","Korea, N China Msi","KMS113","Q49591",NA,"KMS113","mxg_genotype_exudates","MXG_GENEX"
"Miscanthus sinensis  'KMS113'-Accn:KMS113-Q49591-Alt:","Miscanthus sinensis  'KMS113'","Miscanthus sinensis","Korea, N China Msi","KMS113","Q49591",NA,"KMS113","mxg_genotype_exudates","MXG_GENEX"
"Miscanthus sinensis  'KMS113'-Accn:KMS113-Q49591-Alt:","Miscanthus sinensis  'KMS113'","Miscanthus sinensis","Korea, N China Msi","KMS113","Q49591",NA,"KMS113","mxg_genotype_exudates","MXG_GENEX"
"Miscanthus sinensis  'KMS113'-Accn:KMS113-Q49591-Alt:","Miscanthus sinensis  'KMS113'","Miscanthus sinensis","Korea, N China Msi","KMS113","Q49591",NA,"KMS113","mxg_genotype_exudates","MXG_GENEX"
"Miscanthus sinensis  'KMS113'-Accn:KMS113-Q49591-Alt:","Miscanthus sinensis  'KMS113'","Miscanthus sinensis","Korea, N China Msi","KMS113","Q49591",NA,"KMS113","mxg_genotype_exudates","MXG_GENEX"
"Miscanthus sinensis  'KMS215'-Accn:KMS215-Q49612-Alt:","Miscanthus sinensis  'KMS215'","Miscanthus sinensis","Korea, N China Msi","KMS215","Q49612",NA,"KMS215","mxg_genotype_exudates","MXG_GENEX"
"Miscanthus sinensis  'KMS215'-Accn:KMS215-Q49612-Alt:","Miscanthus sinensis  'KMS215'","Miscanthus sinensis","Korea, N China Msi","KMS215","Q49612",NA,"KMS215","mxg_genotype_exudates","MXG_GENEX"
"Miscanthus sinensis  'KMS215'-Accn:KMS215-Q49612-Alt:","Miscanthus sinensis  'KMS215'","Miscanthus sinensis","Korea, N China Msi","KMS215","Q49612",NA,"KMS215","mxg_genotype_exudates","MXG_GENEX"
"Miscanthus sinensis  'KMS215'-Accn:KMS215-Q49612-Alt:","Miscanthus sinensis  'KMS215'","Miscanthus sinensis","Korea, N China Msi","KMS215","Q49612",NA,"KMS215","mxg_genotype_exudates","MXG_GENEX"
"Miscanthus sinensis  'KMS215'-Accn:KMS215-Q49612-Alt:","Miscanthus sinensis  'KMS215'","Miscanthus sinensis","Korea, N China Msi","KMS215","Q49612",NA,"KMS215","mxg_genotype_exudates","MXG_GENEX"
"Miscanthus sinensis  'KMS215'-Accn:KMS215-Q49612-Alt:","Miscanthus sinensis  'KMS215'","Miscanthus sinensis","Korea, N China Msi","KMS215","Q49612",NA,"KMS215","mxg_genotype_exudates","MXG_GENEX"
"Miscanthus sinensis  'PMS-436'-Accn:PMS-436-Q46862-Alt:UI12-00141","Miscanthus sinensis  'PMS-436'","Miscanthus sinensis","Korea, N China Msi","PMS-436","Q46862","UI12-00141","PMS-436","mxg_genotype_exudates","MXG_GENEX"
"Miscanthus sinensis  'PMS-436'-Accn:PMS-436-Q46862-Alt:UI12-00141","Miscanthus sinensis  'PMS-436'","Miscanthus sinensis","Korea, N China Msi","PMS-436","Q46862","UI12-00141","PMS-436","mxg_genotype_exudates","MXG_GENEX"
"Miscanthus sinensis  'PMS-436'-Accn:PMS-436-Q46862-Alt:UI12-00141","Miscanthus sinensis  'PMS-436'","Miscanthus sinensis","Korea, N China Msi","PMS-436","Q46862","UI12-00141","PMS-436","mxg_genotype_exudates","MXG_GENEX"
"Miscanthus sinensis  'PMS-436'-Accn:PMS-436-Q46862-Alt:UI12-00141","Miscanthus sinensis  'PMS-436'","Miscanthus sinensis","Korea, N China Msi","PMS-436","Q46862","UI12-00141","PMS-436","mxg_genotype_exudates","MXG_GENEX"
"Miscanthus sinensis  'PMS-436'-Accn:PMS-436-Q46862-Alt:UI12-00141","Miscanthus sinensis  'PMS-436'","Miscanthus sinensis","Korea, N China Msi","PMS-436","Q46862","UI12-00141","PMS-436","mxg_genotype_exudates","MXG_GENEX"
"Miscanthus sinensis  'PMS-436'-Accn:PMS-436-Q46862-Alt:UI12-00141","Miscanthus sinensis  'PMS-436'","Miscanthus sinensis","Korea, N China Msi","PMS-436","Q46862","UI12-00141","PMS-436","mxg_genotype_exudates","MXG_GENEX"
"Miscanthus sinensis  'RU2012-217'-Accn:RU2012-217-Q47799-Alt:","Miscanthus sinensis  'RU2012-217'","Miscanthus sinensis","Korea, N China Msi","RU2012-217","Q47799",NA,"RU2012-217","mxg_genotype_exudates","MXG_GENEX"
"Miscanthus sinensis  'RU2012-217'-Accn:RU2012-217-Q47799-Alt:","Miscanthus sinensis  'RU2012-217'","Miscanthus sinensis","Korea, N China Msi","RU2012-217","Q47799",NA,"RU2012-217","mxg_genotype_exudates","MXG_GENEX"
"Miscanthus sinensis  'RU2012-217'-Accn:RU2012-217-Q47799-Alt:","Miscanthus sinensis  'RU2012-217'","Miscanthus sinensis","Korea, N China Msi","RU2012-217","Q47799",NA,"RU2012-217","mxg_genotype_exudates","MXG_GENEX"
"Miscanthus sinensis  'RU2012-217'-Accn:RU2012-217-Q47799-Alt:","Miscanthus sinensis  'RU2012-217'","Miscanthus sinensis","Korea, N China Msi","RU2012-217","Q47799",NA,"RU2012-217","mxg_genotype_exudates","MXG_GENEX"
"Miscanthus sinensis  'RU2012-217'-Accn:RU2012-217-Q47799-Alt:","Miscanthus sinensis  'RU2012-217'","Miscanthus sinensis","Korea, N China Msi","RU2012-217","Q47799",NA,"RU2012-217","mxg_genotype_exudates","MXG_GENEX"
"Miscanthus sinensis  'RU2012-217'-Accn:RU2012-217-Q47799-Alt:","Miscanthus sinensis  'RU2012-217'","Miscanthus sinensis","Korea, N China Msi","RU2012-217","Q47799",NA,"RU2012-217","mxg_genotype_exudates","MXG_GENEX"
"Miscanthus sinensis  'RU2012-219'-Accn:RU2012-219-Q47801-Alt:","Miscanthus sinensis  'RU2012-219'","Miscanthus sinensis","Korea, N China Msi","RU2012-219","Q47801",NA,"RU2012-219","mxg_genotype_exudates","MXG_GENEX"
"Miscanthus sinensis  'RU2012-219'-Accn:RU2012-219-Q47801-Alt:","Miscanthus sinensis  'RU2012-219'","Miscanthus sinensis","Korea, N China Msi","RU2012-219","Q47801",NA,"RU2012-219","mxg_genotype_exudates","MXG_GENEX"
"Miscanthus sinensis  'RU2012-219'-Accn:RU2012-219-Q47801-Alt:","Miscanthus sinensis  'RU2012-219'","Miscanthus sinensis","Korea, N China Msi","RU2012-219","Q47801",NA,"RU2012-219","mxg_genotype_exudates","MXG_GENEX"
"Miscanthus sinensis  'RU2012-219'-Accn:RU2012-219-Q47801-Alt:","Miscanthus sinensis  'RU2012-219'","Miscanthus sinensis","Korea, N China Msi","RU2012-219","Q47801",NA,"RU2012-219","mxg_genotype_exudates","MXG_GENEX"
"Miscanthus sinensis  'RU2012-219'-Accn:RU2012-219-Q47801-Alt:","Miscanthus sinensis  'RU2012-219'","Miscanthus sinensis","Korea, N China Msi","RU2012-219","Q47801",NA,"RU2012-219","mxg_genotype_exudates","MXG_GENEX"
"Miscanthus sinensis  'RU2012-219'-Accn:RU2012-219-Q47801-Alt:","Miscanthus sinensis  'RU2012-219'","Miscanthus sinensis","Korea, N China Msi","RU2012-219","Q47801",NA,"RU2012-219","mxg_genotype_exudates","MXG_GENEX"
"Miscanthus sinensis  'RU2012-221'-Accn:RU2012-221-Q47802-Alt:","Miscanthus sinensis  'RU2012-221'","Miscanthus sinensis","Korea, N China Msi","RU2012-221","Q47802",NA,"RU2012-221","mxg_genotype_exudates","MXG_GENEX"
"Miscanthus sinensis  'RU2012-221'-Accn:RU2012-221-Q47802-Alt:","Miscanthus sinensis  'RU2012-221'","Miscanthus sinensis","Korea, N China Msi","RU2012-221","Q47802",NA,"RU2012-221","mxg_genotype_exudates","MXG_GENEX"
"Miscanthus sinensis  'RU2012-221'-Accn:RU2012-221-Q47802-Alt:","Miscanthus sinensis  'RU2012-221'","Miscanthus sinensis","Korea, N China Msi","RU2012-221","Q47802",NA,"RU2012-221","mxg_genotype_exudates","MXG_GENEX"
"Miscanthus sinensis  'RU2012-221'-Accn:RU2012-221-Q47802-Alt:","Miscanthus sinensis  'RU2012-221'","Miscanthus sinensis","Korea, N China Msi","RU2012-221","Q47802",NA,"RU2012-221","mxg_genotype_exudates","MXG_GENEX"
"Miscanthus sinensis  'RU2012-221'-Accn:RU2012-221-Q47802-Alt:","Miscanthus sinensis  'RU2012-221'","Miscanthus sinensis","Korea, N China Msi","RU2012-221","Q47802",NA,"RU2012-221","mxg_genotype_exudates","MXG_GENEX"
"Miscanthus sinensis  'RU2012-221'-Accn:RU2012-221-Q47802-Alt:","Miscanthus sinensis  'RU2012-221'","Miscanthus sinensis","Korea, N China Msi","RU2012-221","Q47802",NA,"RU2012-221","mxg_genotype_exudates","MXG_GENEX"
"Miscanthus sinensis  'JM0034.001'-Accn:JM0034.001-Q49545-Alt:","Miscanthus sinensis  'JM0034.001'","Miscanthus sinensis","N Japan Msi","JM0034.001","Q49545",NA,"JM0034.001","mxg_genotype_exudates","MXG_GENEX"
"Miscanthus sinensis  'JM0034.001'-Accn:JM0034.001-Q49545-Alt:","Miscanthus sinensis  'JM0034.001'","Miscanthus sinensis","N Japan Msi","JM0034.001","Q49545",NA,"JM0034.001","mxg_genotype_exudates","MXG_GENEX"
"Miscanthus sinensis  'JM0034.001'-Accn:JM0034.001-Q49545-Alt:","Miscanthus sinensis  'JM0034.001'","Miscanthus sinensis","N Japan Msi","JM0034.001","Q49545",NA,"JM0034.001","mxg_genotype_exudates","MXG_GENEX"
"Miscanthus sinensis  'JM0034.001'-Accn:JM0034.001-Q49545-Alt:","Miscanthus sinensis  'JM0034.001'","Miscanthus sinensis","N Japan Msi","JM0034.001","Q49545",NA,"JM0034.001","mxg_genotype_exudates","MXG_GENEX"
"Miscanthus sinensis  'JM0034.001'-Accn:JM0034.001-Q49545-Alt:","Miscanthus sinensis  'JM0034.001'","Miscanthus sinensis","N Japan Msi","JM0034.001","Q49545",NA,"JM0034.001","mxg_genotype_exudates","MXG_GENEX"
"Miscanthus sinensis  'JM0034.001'-Accn:JM0034.001-Q49545-Alt:","Miscanthus sinensis  'JM0034.001'","Miscanthus sinensis","N Japan Msi","JM0034.001","Q49545",NA,"JM0034.001","mxg_genotype_exudates","MXG_GENEX"
"Miscanthus sinensis  'JM0062.001'-Accn:JM0062.001-Q49550-Alt:","Miscanthus sinensis  'JM0062.001'","Miscanthus sinensis","N Japan Msi","JM0062.001","Q49550",NA,"JM0062.001","mxg_genotype_exudates","MXG_GENEX"
"Miscanthus sinensis  'JM0062.001'-Accn:JM0062.001-Q49550-Alt:","Miscanthus sinensis  'JM0062.001'","Miscanthus sinensis","N Japan Msi","JM0062.001","Q49550",NA,"JM0062.001","mxg_genotype_exudates","MXG_GENEX"
"Miscanthus sinensis  'JM0062.001'-Accn:JM0062.001-Q49550-Alt:","Miscanthus sinensis  'JM0062.001'","Miscanthus sinensis","N Japan Msi","JM0062.001","Q49550",NA,"JM0062.001","mxg_genotype_exudates","MXG_GENEX"
"Miscanthus sinensis  'JM0062.001'-Accn:JM0062.001-Q49550-Alt:","Miscanthus sinensis  'JM0062.001'","Miscanthus sinensis","N Japan Msi","JM0062.001","Q49550",NA,"JM0062.001","mxg_genotype_exudates","MXG_GENEX"
"Miscanthus sinensis  'JM0062.001'-Accn:JM0062.001-Q49550-Alt:","Miscanthus sinensis  'JM0062.001'","Miscanthus sinensis","N Japan Msi","JM0062.001","Q49550",NA,"JM0062.001","mxg_genotype_exudates","MXG_GENEX"
"Miscanthus sinensis  'JM0062.001'-Accn:JM0062.001-Q49550-Alt:","Miscanthus sinensis  'JM0062.001'","Miscanthus sinensis","N Japan Msi","JM0062.001","Q49550",NA,"JM0062.001","mxg_genotype_exudates","MXG_GENEX"
"Miscanthus sinensis  'RU2012-002'-Accn:RU2012-002-Q47623-Alt:","Miscanthus sinensis  'RU2012-002'","Miscanthus sinensis","N Japan Msi","RU2012-002","Q47623",NA,"RU2012-002","mxg_genotype_exudates","MXG_GENEX"
"Miscanthus sinensis  'RU2012-002'-Accn:RU2012-002-Q47623-Alt:","Miscanthus sinensis  'RU2012-002'","Miscanthus sinensis","N Japan Msi","RU2012-002","Q47623",NA,"RU2012-002","mxg_genotype_exudates","MXG_GENEX"
"Miscanthus sinensis  'RU2012-002'-Accn:RU2012-002-Q47623-Alt:","Miscanthus sinensis  'RU2012-002'","Miscanthus sinensis","N Japan Msi","RU2012-002","Q47623",NA,"RU2012-002","mxg_genotype_exudates","MXG_GENEX"
"Miscanthus sinensis  'RU2012-002'-Accn:RU2012-002-Q47623-Alt:","Miscanthus sinensis  'RU2012-002'","Miscanthus sinensis","N Japan Msi","RU2012-002","Q47623",NA,"RU2012-002","mxg_genotype_exudates","MXG_GENEX"
"Miscanthus sinensis  'RU2012-002'-Accn:RU2012-002-Q47623-Alt:","Miscanthus sinensis  'RU2012-002'","Miscanthus sinensis","N Japan Msi","RU2012-002","Q47623",NA,"RU2012-002","mxg_genotype_exudates","MXG_GENEX"
"Miscanthus sinensis  'RU2012-002'-Accn:RU2012-002-Q47623-Alt:","Miscanthus sinensis  'RU2012-002'","Miscanthus sinensis","N Japan Msi","RU2012-002","Q47623",NA,"RU2012-002","mxg_genotype_exudates","MXG_GENEX"
"Miscanthus sinensis  'JM11-041'-Accn:JM11-041-Q47549-Alt:2011-39-1","Miscanthus sinensis  'JM11-041'","Miscanthus sinensis","S Japan Msi","JM11-041","Q47549","2011-39-1","JM11-041","mxg_genotype_exudates","MXG_GENEX"
"Miscanthus sinensis  'JM11-041'-Accn:JM11-041-Q47549-Alt:2011-39-1","Miscanthus sinensis  'JM11-041'","Miscanthus sinensis","S Japan Msi","JM11-041","Q47549","2011-39-1","JM11-041","mxg_genotype_exudates","MXG_GENEX"
"Miscanthus sinensis  'JM11-041'-Accn:JM11-041-Q47549-Alt:2011-39-1","Miscanthus sinensis  'JM11-041'","Miscanthus sinensis","S Japan Msi","JM11-041","Q47549","2011-39-1","JM11-041","mxg_genotype_exudates","MXG_GENEX"
"Miscanthus sinensis  'JM11-041'-Accn:JM11-041-Q47549-Alt:2011-39-1","Miscanthus sinensis  'JM11-041'","Miscanthus sinensis","S Japan Msi","JM11-041","Q47549","2011-39-1","JM11-041","mxg_genotype_exudates","MXG_GENEX"
"Miscanthus sinensis  'JM11-041'-Accn:JM11-041-Q47549-Alt:2011-39-1","Miscanthus sinensis  'JM11-041'","Miscanthus sinensis","S Japan Msi","JM11-041","Q47549","2011-39-1","JM11-041","mxg_genotype_exudates","MXG_GENEX"
"Miscanthus sinensis  'JM11-041'-Accn:JM11-041-Q47549-Alt:2011-39-1","Miscanthus sinensis  'JM11-041'","Miscanthus sinensis","S Japan Msi","JM11-041","Q47549","2011-39-1","JM11-041","mxg_genotype_exudates","MXG_GENEX"
"Miscanthus sinensis  'Gracillimus'-Accn:UI10-00048--Alt:","Miscanthus sinensis  'Gracillimus'","Miscanthus sinensis","S Japan Msi","UI10-00048",NA,NA,"UI10-00048","mxg_genotype_exudates","MXG_GENEX"
"Miscanthus sinensis  'Gracillimus'-Accn:UI10-00048--Alt:","Miscanthus sinensis  'Gracillimus'","Miscanthus sinensis","S Japan Msi","UI10-00048",NA,NA,"UI10-00048","mxg_genotype_exudates","MXG_GENEX"
"Miscanthus sinensis  'Gracillimus'-Accn:UI10-00048--Alt:","Miscanthus sinensis  'Gracillimus'","Miscanthus sinensis","S Japan Msi","UI10-00048",NA,NA,"UI10-00048","mxg_genotype_exudates","MXG_GENEX"
"Miscanthus sinensis  'Gracillimus'-Accn:UI10-00048--Alt:","Miscanthus sinensis  'Gracillimus'","Miscanthus sinensis","S Japan Msi","UI10-00048",NA,NA,"UI10-00048","mxg_genotype_exudates","MXG_GENEX"
"Miscanthus sinensis  'Gracillimus'-Accn:UI10-00048--Alt:","Miscanthus sinensis  'Gracillimus'","Miscanthus sinensis","S Japan Msi","UI10-00048",NA,NA,"UI10-00048","mxg_genotype_exudates","MXG_GENEX"
"Miscanthus sinensis  'Gracillimus'-Accn:UI10-00048--Alt:","Miscanthus sinensis  'Gracillimus'","Miscanthus sinensis","S Japan Msi","UI10-00048",NA,NA,"UI10-00048","mxg_genotype_exudates","MXG_GENEX"
"Miscanthus sinensis  'Miyazaki'-Accn:UI11-00001--Alt:Koike-22","Miscanthus sinensis  'Miyazaki'","Miscanthus sinensis","S Japan Msi","UI11-00001","Koike-22","Koike-22","UI11-00001","mxg_genotype_exudates","MXG_GENEX"
"Miscanthus sinensis  'Miyazaki'-Accn:UI11-00001--Alt:Koike-22","Miscanthus sinensis  'Miyazaki'","Miscanthus sinensis","S Japan Msi","UI11-00001","Koike-22","Koike-22","UI11-00001","mxg_genotype_exudates","MXG_GENEX"
"Miscanthus sinensis  'Miyazaki'-Accn:UI11-00001--Alt:Koike-22","Miscanthus sinensis  'Miyazaki'","Miscanthus sinensis","S Japan Msi","UI11-00001","Koike-22","Koike-22","UI11-00001","mxg_genotype_exudates","MXG_GENEX"
"Miscanthus sinensis  'Miyazaki'-Accn:UI11-00001--Alt:Koike-22","Miscanthus sinensis  'Miyazaki'","Miscanthus sinensis","S Japan Msi","UI11-00001","Koike-22","Koike-22","UI11-00001","mxg_genotype_exudates","MXG_GENEX"
"Miscanthus sinensis  'Miyazaki'-Accn:UI11-00001--Alt:Koike-22","Miscanthus sinensis  'Miyazaki'","Miscanthus sinensis","S Japan Msi","UI11-00001","Koike-22","Koike-22","UI11-00001","mxg_genotype_exudates","MXG_GENEX"
"Miscanthus sinensis  'Miyazaki'-Accn:UI11-00001--Alt:Koike-22","Miscanthus sinensis  'Miyazaki'","Miscanthus sinensis","S Japan Msi","UI11-00001","Koike-22","Koike-22","UI11-00001","mxg_genotype_exudates","MXG_GENEX"
"Miscanthus sinensis  'NC-2010-003 Nat Pop 2011-75-3-5'-Accn:UI14-00019--Alt:","Miscanthus sinensis  'NC-2010-003 Nat Pop 2011-75-3-5'","Miscanthus sinensis","S Japan Msi","UI14-00019",NA,NA,"UI14-00019","mxg_genotype_exudates","MXG_GENEX"
"Miscanthus sinensis  'NC-2010-003 Nat Pop 2011-75-3-5'-Accn:UI14-00019--Alt:","Miscanthus sinensis  'NC-2010-003 Nat Pop 2011-75-3-5'","Miscanthus sinensis","S Japan Msi","UI14-00019",NA,NA,"UI14-00019","mxg_genotype_exudates","MXG_GENEX"
"Miscanthus sinensis  'NC-2010-003 Nat Pop 2011-75-3-5'-Accn:UI14-00019--Alt:","Miscanthus sinensis  'NC-2010-003 Nat Pop 2011-75-3-5'","Miscanthus sinensis","S Japan Msi","UI14-00019",NA,NA,"UI14-00019","mxg_genotype_exudates","MXG_GENEX"
"Miscanthus sinensis  'NC-2010-003 Nat Pop 2011-75-3-5'-Accn:UI14-00019--Alt:","Miscanthus sinensis  'NC-2010-003 Nat Pop 2011-75-3-5'","Miscanthus sinensis","S Japan Msi","UI14-00019",NA,NA,"UI14-00019","mxg_genotype_exudates","MXG_GENEX"
"Miscanthus sinensis  'NC-2010-003 Nat Pop 2011-75-3-5'-Accn:UI14-00019--Alt:","Miscanthus sinensis  'NC-2010-003 Nat Pop 2011-75-3-5'","Miscanthus sinensis","S Japan Msi","UI14-00019",NA,NA,"UI14-00019","mxg_genotype_exudates","MXG_GENEX"
"Miscanthus sinensis  'NC-2010-003 Nat Pop 2011-75-3-5'-Accn:UI14-00019--Alt:","Miscanthus sinensis  'NC-2010-003 Nat Pop 2011-75-3-5'","Miscanthus sinensis","S Japan Msi","UI14-00019",NA,NA,"UI14-00019","mxg_genotype_exudates","MXG_GENEX"
"Miscanthus floridulus  'NG77-022'-Accn:PI417947--Alt:","Miscanthus floridulus  'NG77-022'","Miscanthus floridulus","SE China Msi","PI417947",NA,NA,"PI417947","mxg_genotype_exudates","MXG_GENEX"
"Miscanthus floridulus  'NG77-022'-Accn:PI417947--Alt:","Miscanthus floridulus  'NG77-022'","Miscanthus floridulus","SE China Msi","PI417947",NA,NA,"PI417947","mxg_genotype_exudates","MXG_GENEX"
"Miscanthus floridulus  'NG77-022'-Accn:PI417947--Alt:","Miscanthus floridulus  'NG77-022'","Miscanthus floridulus","SE China Msi","PI417947",NA,NA,"PI417947","mxg_genotype_exudates","MXG_GENEX"
"Miscanthus floridulus  'NG77-022'-Accn:PI417947--Alt:","Miscanthus floridulus  'NG77-022'","Miscanthus floridulus","SE China Msi","PI417947",NA,NA,"PI417947","mxg_genotype_exudates","MXG_GENEX"
"Miscanthus floridulus  'NG77-022'-Accn:PI417947--Alt:","Miscanthus floridulus  'NG77-022'","Miscanthus floridulus","SE China Msi","PI417947",NA,NA,"PI417947","mxg_genotype_exudates","MXG_GENEX"
"Miscanthus floridulus  'NG77-022'-Accn:PI417947--Alt:","Miscanthus floridulus  'NG77-022'","Miscanthus floridulus","SE China Msi","PI417947",NA,NA,"PI417947","mxg_genotype_exudates","MXG_GENEX"
"Miscanthus sinensis  'PMS-182'-Accn:PMS-182-Q49102-Alt:","Miscanthus sinensis  'PMS-182'","Miscanthus sinensis","SE China Msi","PMS-182","Q49102",NA,"PMS-182","mxg_genotype_exudates","MXG_GENEX"
"Miscanthus sinensis  'PMS-182'-Accn:PMS-182-Q49102-Alt:","Miscanthus sinensis  'PMS-182'","Miscanthus sinensis","SE China Msi","PMS-182","Q49102",NA,"PMS-182","mxg_genotype_exudates","MXG_GENEX"
"Miscanthus sinensis  'PMS-182'-Accn:PMS-182-Q49102-Alt:","Miscanthus sinensis  'PMS-182'","Miscanthus sinensis","SE China Msi","PMS-182","Q49102",NA,"PMS-182","mxg_genotype_exudates","MXG_GENEX"
"Miscanthus sinensis  'PMS-182'-Accn:PMS-182-Q49102-Alt:","Miscanthus sinensis  'PMS-182'","Miscanthus sinensis","SE China Msi","PMS-182","Q49102",NA,"PMS-182","mxg_genotype_exudates","MXG_GENEX"
"Miscanthus sinensis  'PMS-182'-Accn:PMS-182-Q49102-Alt:","Miscanthus sinensis  'PMS-182'","Miscanthus sinensis","SE China Msi","PMS-182","Q49102",NA,"PMS-182","mxg_genotype_exudates","MXG_GENEX"
"Miscanthus sinensis  'PMS-182'-Accn:PMS-182-Q49102-Alt:","Miscanthus sinensis  'PMS-182'","Miscanthus sinensis","SE China Msi","PMS-182","Q49102",NA,"PMS-182","mxg_genotype_exudates","MXG_GENEX"
"Miscanthus sinensis  'PMS-397'-Accn:PMS-397-Q45689-Alt:UI12-00139","Miscanthus sinensis  'PMS-397'","Miscanthus sinensis","SE China Msi","PMS-397","Q45689","UI12-00139","PMS-397","mxg_genotype_exudates","MXG_GENEX"
"Miscanthus sinensis  'PMS-397'-Accn:PMS-397-Q45689-Alt:UI12-00139","Miscanthus sinensis  'PMS-397'","Miscanthus sinensis","SE China Msi","PMS-397","Q45689","UI12-00139","PMS-397","mxg_genotype_exudates","MXG_GENEX"
"Miscanthus sinensis  'PMS-397'-Accn:PMS-397-Q45689-Alt:UI12-00139","Miscanthus sinensis  'PMS-397'","Miscanthus sinensis","SE China Msi","PMS-397","Q45689","UI12-00139","PMS-397","mxg_genotype_exudates","MXG_GENEX"
"Miscanthus sinensis  'PMS-397'-Accn:PMS-397-Q45689-Alt:UI12-00139","Miscanthus sinensis  'PMS-397'","Miscanthus sinensis","SE China Msi","PMS-397","Q45689","UI12-00139","PMS-397","mxg_genotype_exudates","MXG_GENEX"
"Miscanthus sinensis  'PMS-397'-Accn:PMS-397-Q45689-Alt:UI12-00139","Miscanthus sinensis  'PMS-397'","Miscanthus sinensis","SE China Msi","PMS-397","Q45689","UI12-00139","PMS-397","mxg_genotype_exudates","MXG_GENEX"
"Miscanthus sinensis  'PMS-397'-Accn:PMS-397-Q45689-Alt:UI12-00139","Miscanthus sinensis  'PMS-397'","Miscanthus sinensis","SE China Msi","PMS-397","Q45689","UI12-00139","PMS-397","mxg_genotype_exudates","MXG_GENEX"
"Miscanthus sinensis  'PMS-055'-Accn:PMS-055-Q49142-Alt:","Miscanthus sinensis  'PMS-055'","Miscanthus sinensis","Sichuan Msi","PMS-055","Q49142",NA,"PMS-055","mxg_genotype_exudates","MXG_GENEX"
"Miscanthus sinensis  'PMS-055'-Accn:PMS-055-Q49142-Alt:","Miscanthus sinensis  'PMS-055'","Miscanthus sinensis","Sichuan Msi","PMS-055","Q49142",NA,"PMS-055","mxg_genotype_exudates","MXG_GENEX"
"Miscanthus sinensis  'PMS-055'-Accn:PMS-055-Q49142-Alt:","Miscanthus sinensis  'PMS-055'","Miscanthus sinensis","Sichuan Msi","PMS-055","Q49142",NA,"PMS-055","mxg_genotype_exudates","MXG_GENEX"
"Miscanthus sinensis  'PMS-055'-Accn:PMS-055-Q49142-Alt:","Miscanthus sinensis  'PMS-055'","Miscanthus sinensis","Sichuan Msi","PMS-055","Q49142",NA,"PMS-055","mxg_genotype_exudates","MXG_GENEX"
"Miscanthus sinensis  'PMS-055'-Accn:PMS-055-Q49142-Alt:","Miscanthus sinensis  'PMS-055'","Miscanthus sinensis","Sichuan Msi","PMS-055","Q49142",NA,"PMS-055","mxg_genotype_exudates","MXG_GENEX"
"Miscanthus sinensis  'PMS-055'-Accn:PMS-055-Q49142-Alt:","Miscanthus sinensis  'PMS-055'","Miscanthus sinensis","Sichuan Msi","PMS-055","Q49142",NA,"PMS-055","mxg_genotype_exudates","MXG_GENEX"
"Miscanthus sinensis  'PMS-475'-Accn:PMS-475-Q49237-Alt:","Miscanthus sinensis  'PMS-475'","Miscanthus sinensis","Sichuan Msi","PMS-475","Q49237",NA,"PMS-475","mxg_genotype_exudates","MXG_GENEX"
"Miscanthus sinensis  'PMS-475'-Accn:PMS-475-Q49237-Alt:","Miscanthus sinensis  'PMS-475'","Miscanthus sinensis","Sichuan Msi","PMS-475","Q49237",NA,"PMS-475","mxg_genotype_exudates","MXG_GENEX"
"Miscanthus sinensis  'PMS-475'-Accn:PMS-475-Q49237-Alt:","Miscanthus sinensis  'PMS-475'","Miscanthus sinensis","Sichuan Msi","PMS-475","Q49237",NA,"PMS-475","mxg_genotype_exudates","MXG_GENEX"
"Miscanthus sinensis  'PMS-475'-Accn:PMS-475-Q49237-Alt:","Miscanthus sinensis  'PMS-475'","Miscanthus sinensis","Sichuan Msi","PMS-475","Q49237",NA,"PMS-475","mxg_genotype_exudates","MXG_GENEX"
"Miscanthus sinensis  'PMS-475'-Accn:PMS-475-Q49237-Alt:","Miscanthus sinensis  'PMS-475'","Miscanthus sinensis","Sichuan Msi","PMS-475","Q49237",NA,"PMS-475","mxg_genotype_exudates","MXG_GENEX"
"Miscanthus sinensis  'PMS-475'-Accn:PMS-475-Q49237-Alt:","Miscanthus sinensis  'PMS-475'","Miscanthus sinensis","Sichuan Msi","PMS-475","Q49237",NA,"PMS-475","mxg_genotype_exudates","MXG_GENEX"
"Miscanthus sinensis  'PMS-546'-Accn:PMS-546-Q49239-Alt:","Miscanthus sinensis  'PMS-546'","Miscanthus sinensis","Sichuan Msi","PMS-546","Q49239",NA,"PMS-546","mxg_genotype_exudates","MXG_GENEX"
"Miscanthus sinensis  'PMS-546'-Accn:PMS-546-Q49239-Alt:","Miscanthus sinensis  'PMS-546'","Miscanthus sinensis","Sichuan Msi","PMS-546","Q49239",NA,"PMS-546","mxg_genotype_exudates","MXG_GENEX"
"Miscanthus sinensis  'PMS-546'-Accn:PMS-546-Q49239-Alt:","Miscanthus sinensis  'PMS-546'","Miscanthus sinensis","Sichuan Msi","PMS-546","Q49239",NA,"PMS-546","mxg_genotype_exudates","MXG_GENEX"
"Miscanthus sinensis  'PMS-546'-Accn:PMS-546-Q49239-Alt:","Miscanthus sinensis  'PMS-546'","Miscanthus sinensis","Sichuan Msi","PMS-546","Q49239",NA,"PMS-546","mxg_genotype_exudates","MXG_GENEX"
"Miscanthus sinensis  'PMS-546'-Accn:PMS-546-Q49239-Alt:","Miscanthus sinensis  'PMS-546'","Miscanthus sinensis","Sichuan Msi","PMS-546","Q49239",NA,"PMS-546","mxg_genotype_exudates","MXG_GENEX"
"Miscanthus sinensis  'PMS-546'-Accn:PMS-546-Q49239-Alt:","Miscanthus sinensis  'PMS-546'","Miscanthus sinensis","Sichuan Msi","PMS-546","Q49239",NA,"PMS-546","mxg_genotype_exudates","MXG_GENEX"
"Miscanthus sinensis  'PMS-134'-Accn:PMS-134-Q46041-Alt:UI12-00115","Miscanthus sinensis  'PMS-134'","Miscanthus sinensis","Yangtze-Qinling Msi","PMS-134","Q46041","UI12-00115","PMS-134","mxg_genotype_exudates","MXG_GENEX"
"Miscanthus sinensis  'PMS-134'-Accn:PMS-134-Q46041-Alt:UI12-00115","Miscanthus sinensis  'PMS-134'","Miscanthus sinensis","Yangtze-Qinling Msi","PMS-134","Q46041","UI12-00115","PMS-134","mxg_genotype_exudates","MXG_GENEX"
"Miscanthus sinensis  'PMS-134'-Accn:PMS-134-Q46041-Alt:UI12-00115","Miscanthus sinensis  'PMS-134'","Miscanthus sinensis","Yangtze-Qinling Msi","PMS-134","Q46041","UI12-00115","PMS-134","mxg_genotype_exudates","MXG_GENEX"
"Miscanthus sinensis  'PMS-134'-Accn:PMS-134-Q46041-Alt:UI12-00115","Miscanthus sinensis  'PMS-134'","Miscanthus sinensis","Yangtze-Qinling Msi","PMS-134","Q46041","UI12-00115","PMS-134","mxg_genotype_exudates","MXG_GENEX"
"Miscanthus sinensis  'PMS-134'-Accn:PMS-134-Q46041-Alt:UI12-00115","Miscanthus sinensis  'PMS-134'","Miscanthus sinensis","Yangtze-Qinling Msi","PMS-134","Q46041","UI12-00115","PMS-134","mxg_genotype_exudates","MXG_GENEX"
"Miscanthus sinensis  'PMS-134'-Accn:PMS-134-Q46041-Alt:UI12-00115","Miscanthus sinensis  'PMS-134'","Miscanthus sinensis","Yangtze-Qinling Msi","PMS-134","Q46041","UI12-00115","PMS-134","mxg_genotype_exudates","MXG_GENEX"
"Miscanthus sinensis  'PMS-165'-Accn:PMS-165-Q49346-Alt:","Miscanthus sinensis  'PMS-165'","Miscanthus sinensis","Yangtze-Qinling Msi","PMS-165","Q49346",NA,"PMS-165","mxg_genotype_exudates","MXG_GENEX"
"Miscanthus sinensis  'PMS-165'-Accn:PMS-165-Q49346-Alt:","Miscanthus sinensis  'PMS-165'","Miscanthus sinensis","Yangtze-Qinling Msi","PMS-165","Q49346",NA,"PMS-165","mxg_genotype_exudates","MXG_GENEX"
"Miscanthus sinensis  'PMS-165'-Accn:PMS-165-Q49346-Alt:","Miscanthus sinensis  'PMS-165'","Miscanthus sinensis","Yangtze-Qinling Msi","PMS-165","Q49346",NA,"PMS-165","mxg_genotype_exudates","MXG_GENEX"
"Miscanthus sinensis  'PMS-165'-Accn:PMS-165-Q49346-Alt:","Miscanthus sinensis  'PMS-165'","Miscanthus sinensis","Yangtze-Qinling Msi","PMS-165","Q49346",NA,"PMS-165","mxg_genotype_exudates","MXG_GENEX"
"Miscanthus sinensis  'PMS-165'-Accn:PMS-165-Q49346-Alt:","Miscanthus sinensis  'PMS-165'","Miscanthus sinensis","Yangtze-Qinling Msi","PMS-165","Q49346",NA,"PMS-165","mxg_genotype_exudates","MXG_GENEX"
"Miscanthus sinensis  'PMS-165'-Accn:PMS-165-Q49346-Alt:","Miscanthus sinensis  'PMS-165'","Miscanthus sinensis","Yangtze-Qinling Msi","PMS-165","Q49346",NA,"PMS-165","mxg_genotype_exudates","MXG_GENEX"
"Miscanthus sinensis  'PMS-605'-Accn:PMS-605-Q49375-Alt:","Miscanthus sinensis  'PMS-605'","Miscanthus sinensis","Yangtze-Qinling Msi","PMS-605","Q49375",NA,"PMS-605","mxg_genotype_exudates","MXG_GENEX"
"Miscanthus sinensis  'PMS-605'-Accn:PMS-605-Q49375-Alt:","Miscanthus sinensis  'PMS-605'","Miscanthus sinensis","Yangtze-Qinling Msi","PMS-605","Q49375",NA,"PMS-605","mxg_genotype_exudates","MXG_GENEX"
"Miscanthus sinensis  'PMS-605'-Accn:PMS-605-Q49375-Alt:","Miscanthus sinensis  'PMS-605'","Miscanthus sinensis","Yangtze-Qinling Msi","PMS-605","Q49375",NA,"PMS-605","mxg_genotype_exudates","MXG_GENEX"
"Miscanthus sinensis  'PMS-605'-Accn:PMS-605-Q49375-Alt:","Miscanthus sinensis  'PMS-605'","Miscanthus sinensis","Yangtze-Qinling Msi","PMS-605","Q49375",NA,"PMS-605","mxg_genotype_exudates","MXG_GENEX"
"Miscanthus sinensis  'PMS-605'-Accn:PMS-605-Q49375-Alt:","Miscanthus sinensis  'PMS-605'","Miscanthus sinensis","Yangtze-Qinling Msi","PMS-605","Q49375",NA,"PMS-605","mxg_genotype_exudates","MXG_GENEX"
"Miscanthus sinensis  'PMS-605'-Accn:PMS-605-Q49375-Alt:","Miscanthus sinensis  'PMS-605'","Miscanthus sinensis","Yangtze-Qinling Msi","PMS-605","Q49375",NA,"PMS-605","mxg_genotype_exudates","MXG_GENEX"
"Miscanthus xgiganteus 3x  'Illinois'-Accn:UI10-00107--Alt:","Miscanthus xgiganteus 3x  'Illinois'","Miscanthus xgiganteus 3x",NA,"UI10-00107",NA,NA,"UI10-00107","mxg_genotype_exudates","MXG_GENEX"
"Miscanthus xgiganteus 3x  'Illinois'-Accn:UI10-00107--Alt:","Miscanthus xgiganteus 3x  'Illinois'","Miscanthus xgiganteus 3x",NA,"UI10-00107",NA,NA,"UI10-00107","mxg_genotype_exudates","MXG_GENEX"
"Miscanthus xgiganteus 3x  'Illinois'-Accn:UI10-00107--Alt:","Miscanthus xgiganteus 3x  'Illinois'","Miscanthus xgiganteus 3x",NA,"UI10-00107",NA,NA,"UI10-00107","mxg_genotype_exudates","MXG_GENEX"
"Miscanthus xgiganteus 3x  'Illinois'-Accn:UI10-00107--Alt:","Miscanthus xgiganteus 3x  'Illinois'","Miscanthus xgiganteus 3x",NA,"UI10-00107",NA,NA,"UI10-00107","mxg_genotype_exudates","MXG_GENEX"
"Miscanthus xgiganteus 3x  'Illinois'-Accn:UI10-00107--Alt:","Miscanthus xgiganteus 3x  'Illinois'","Miscanthus xgiganteus 3x",NA,"UI10-00107",NA,NA,"UI10-00107","mxg_genotype_exudates","MXG_GENEX"
"Miscanthus xgiganteus 3x  'Illinois'-Accn:UI10-00107--Alt:","Miscanthus xgiganteus 3x  'Illinois'","Miscanthus xgiganteus 3x",NA,"UI10-00107",NA,NA,"UI10-00107","mxg_genotype_exudates","MXG_GENEX"
"Miscanthus xgiganteus 3x  '64-1'-Accn:UI10-00123--Alt:","Miscanthus xgiganteus 3x  '64-1'","Miscanthus xgiganteus 3x",NA,"UI10-00123",NA,NA,"UI10-00123","mxg_genotype_exudates","MXG_GENEX"
"Miscanthus xgiganteus 3x  '64-1'-Accn:UI10-00123--Alt:","Miscanthus xgiganteus 3x  '64-1'","Miscanthus xgiganteus 3x",NA,"UI10-00123",NA,NA,"UI10-00123","mxg_genotype_exudates","MXG_GENEX"
"Miscanthus xgiganteus 3x  '64-1'-Accn:UI10-00123--Alt:","Miscanthus xgiganteus 3x  '64-1'","Miscanthus xgiganteus 3x",NA,"UI10-00123",NA,NA,"UI10-00123","mxg_genotype_exudates","MXG_GENEX"
"Miscanthus xgiganteus 3x  '64-1'-Accn:UI10-00123--Alt:","Miscanthus xgiganteus 3x  '64-1'","Miscanthus xgiganteus 3x",NA,"UI10-00123",NA,NA,"UI10-00123","mxg_genotype_exudates","MXG_GENEX"
"Miscanthus xgiganteus 3x  '64-1'-Accn:UI10-00123--Alt:","Miscanthus xgiganteus 3x  '64-1'","Miscanthus xgiganteus 3x",NA,"UI10-00123",NA,NA,"UI10-00123","mxg_genotype_exudates","MXG_GENEX"
"Miscanthus xgiganteus 3x  '64-1'-Accn:UI10-00123--Alt:","Miscanthus xgiganteus 3x  '64-1'","Miscanthus xgiganteus 3x",NA,"UI10-00123",NA,NA,"UI10-00123","mxg_genotype_exudates","MXG_GENEX"
"control_1_6wks","control_1_6wks",NA,NA,NA,NA,NA,NA,"mxg_genotype_exudates","MXG_GENEX"
"control_1_6wks","control_1_6wks",NA,NA,NA,NA,NA,NA,"mxg_genotype_exudates","MXG_GENEX"
"control_1_6wks","control_1_6wks",NA,NA,NA,NA,NA,NA,"mxg_genotype_exudates","MXG_GENEX"
"control_1_6wks","control_1_6wks",NA,NA,NA,NA,NA,NA,"mxg_genotype_exudates","MXG_GENEX"
"control_1_6wks","control_1_6wks",NA,NA,NA,NA,NA,NA,"mxg_genotype_exudates","MXG_GENEX"
"control_1_6wks","control_1_6wks",NA,NA,NA,NA,NA,NA,"mxg_genotype_exudates","MXG_GENEX"
"control_2_6wks","control_2_6wks",NA,NA,NA,NA,NA,NA,"mxg_genotype_exudates","MXG_GENEX"
"control_2_6wks","control_2_6wks",NA,NA,NA,NA,NA,NA,"mxg_genotype_exudates","MXG_GENEX"
"control_2_6wks","control_2_6wks",NA,NA,NA,NA,NA,NA,"mxg_genotype_exudates","MXG_GENEX"
"control_2_6wks","control_2_6wks",NA,NA,NA,NA,NA,NA,"mxg_genotype_exudates","MXG_GENEX"
"control_2_6wks","control_2_6wks",NA,NA,NA,NA,NA,NA,"mxg_genotype_exudates","MXG_GENEX"
"control_2_6wks","control_2_6wks",NA,NA,NA,NA,NA,NA,"mxg_genotype_exudates","MXG_GENEX"
"control_2_15wks","control_2_15wks",NA,NA,NA,NA,NA,NA,NA,NA
"control_2_15wks","control_2_15wks",NA,NA,NA,NA,NA,NA,NA,NA
"control_2_15wks","control_2_15wks",NA,NA,NA,NA,NA,NA,NA,NA
"control_2_15wks","control_2_15wks",NA,NA,NA,NA,NA,NA,NA,NA
"control_2_15wks","control_2_15wks",NA,NA,NA,NA,NA,NA,NA,NA
"control_2_15wks","control_2_15wks",NA,NA,NA,NA,NA,NA,NA,NA
"control_1_15wks","control_1_15wks",NA,NA,NA,NA,NA,NA,NA,NA
"control_1_15wks","control_1_15wks",NA,NA,NA,NA,NA,NA,NA,NA
"control_1_15wks","control_1_15wks",NA,NA,NA,NA,NA,NA,NA,NA
"control_1_15wks","control_1_15wks",NA,NA,NA,NA,NA,NA,NA,NA
"control_1_15wks","control_1_15wks",NA,NA,NA,NA,NA,NA,NA,NA
"control_1_15wks","control_1_15wks",NA,NA,NA,NA,NA,NA,NA,NA
