"barcode","species_consensus","groups_consensus","quantity_initial","transplanted","date_transplant"
"Miscanthus sacchariflorus  'JY027'-Accn:JY027-Q49882-Alt:","Miscanthus sacchariflorus","N China 2x Msa",1,1,"2025/04/15 00:00:00"
"Miscanthus sacchariflorus  'PMS-076'-Accn:PMS-076-Q46878-Alt:UI12-00110","Miscanthus sacchariflorus","N China 2x Msa",1,1,"2025/04/15 00:00:00"
"Miscanthus sacchariflorus  'PMS-077'-Accn:PMS-077-Q49085-Alt:","Miscanthus sacchariflorus","N China 2x Msa",1,1,"2025/04/15 00:00:00"
"Miscanthus sacchariflorus 4x  'JY006'-Accn:JY006-Q49861-Alt:","Miscanthus sacchariflorus 4x","N China/Korea/Russia 4x Msa",1,1,"2025/07/18 00:00:00"
"Miscanthus sacchariflorus 4x  'KMS062'-Accn:KMS062-Q49083-Alt:","Miscanthus sacchariflorus 4x","N China/Korea/Russia 4x Msa",1,1,"2025/04/15 00:00:00"
"Miscanthus sacchariflorus 4x  'PMS-457'-Accn:PMS-457-Q49087-Alt:","Miscanthus sacchariflorus 4x","N China/Korea/Russia 4x Msa",1,1,"2025/07/18 00:00:00"
"Miscanthus sacchariflorus 4x  'RU2012-055'-Accn:RU2012-055-Q47666-Alt:","Miscanthus sacchariflorus 4x","N China/Korea/Russia 4x Msa",1,1,"2025/04/15 00:00:00"
"Miscanthus sacchariflorus 4x  'RU2012-056.1WD (4x)'-Accn:RU2012-056.1WD (4x)-Q47667-Alt:","Miscanthus sacchariflorus 4x","N China/Korea/Russia 4x Msa",1,1,"2025/07/18 00:00:00"
"Miscanthus sacchariflorus 4x  'Tomatoh Corporation-1'-Accn:JPN-2010-005-Q46427-Alt:JPN-2010-005","Miscanthus sacchariflorus 4x","N Japan 4x Msa",1,1,"2025/07/18 00:00:00"
"Miscanthus sacchariflorus 4x  'Hokkaido U, Livestock Farm-2'-Accn:JPN-2011-008-Q46808-Alt:JPN-2011-008","Miscanthus sacchariflorus 4x","N Japan 4x Msa",2,1,"2025/04/15 00:00:00"
"Miscanthus sacchariflorus 4x  'Tomatoh Corporation-2'-Accn:JPN-2011-010-Q46810-Alt:JPN-2011-010","Miscanthus sacchariflorus 4x","N Japan 4x Msa",1,1,"2025/07/18 00:00:00"
"Miscanthus sacchariflorus  'PMS-512'-Accn:PMS-512-Q49089-Alt:","Miscanthus sacchariflorus","NE China/Korea/Russia 2x Msa",1,1,"2025/04/15 00:00:00"
"Miscanthus sacchariflorus  'RU2012-048'-Accn:RU2012-048-Q47661-Alt:","Miscanthus sacchariflorus","NE China/Korea/Russia 2x Msa",1,1,"2025/07/18 00:00:00"
"Miscanthus sacchariflorus  'RU2012-069'-Accn:RU2012-069-Q47678-Alt:","Miscanthus sacchariflorus","NE China/Korea/Russia 2x Msa",1,1,"2025/04/15 00:00:00"
"Miscanthus sacchariflorus  'RU2012-112'-Accn:RU2012-112-Q47715-Alt:","Miscanthus sacchariflorus","NE China/Korea/Russia 2x Msa",NA,NA,NA
"Miscanthus sacchariflorus  'RU2012-114'-Accn:RU2012-114-Q47717-Alt:","Miscanthus sacchariflorus","NE China/Korea/Russia 2x Msa",NA,NA,NA
"Miscanthus sacchariflorus  'RU2012-174'-Accn:RU2012-174-Q47765-Alt:","Miscanthus sacchariflorus","NE China/Korea/Russia 2x Msa",1,NA,NA
"Miscanthus sacchariflorus  'Robustus-Bluemel'-Accn:UI10-00009--Alt:","Miscanthus sacchariflorus","NE China/Korea/Russia 2x Msa",1,1,"2025/04/15 00:00:00"
"Miscanthus sacchariflorus 4x  'Tohoku-2010-036'-Accn:JPN-2010-002-Q46424-Alt:JPN-2010-002","Miscanthus sacchariflorus 4x","S Japan 4x Msa",1,1,"2025/07/18 00:00:00"
"Miscanthus sacchariflorus 4x  'Tohoku-2010-014'-Accn:JPN-2010-006-Q46428-Alt:JPN-2010-006","Miscanthus sacchariflorus 4x","S Japan 4x Msa",1,1,"2025/07/18 00:00:00"
"Miscanthus sacchariflorus 4x  'Gifu-2010-016'-Accn:JPN-2011-004-Q46804-Alt:JPN-2011-004","Miscanthus sacchariflorus 4x","S Japan 4x Msa",1,1,"2025/07/18 00:00:00"
"Miscanthus sacchariflorus 4x  'Gifu-2010-024'-Accn:JPN-2011-012-Q46812-Alt:JPN-2011-012","Miscanthus sacchariflorus 4x","S Japan 4x Msa",1,1,"2025/04/15 00:00:00"
"Miscanthus sacchariflorus 4x  'Hokkaido Univ-selection-3'-Accn:JPN-2011-023-Q46823-Alt:JPN-2011-023","Miscanthus sacchariflorus 4x","S Japan 4x Msa",1,1,"2025/04/15 00:00:00"
"Miscanthus sacchariflorus 4x  'EMI-5'-Accn:UI11-00027--Alt:","Miscanthus sacchariflorus 4x","S Japan 4x Msa",1,1,"2025/07/18 00:00:00"
"Miscanthus sacchariflorus ssp. lutarioriparius  'JY016'-Accn:JY016-Q49871-Alt:","Miscanthus sacchariflorus ssp. lutarioriparius","Yangtze 2x (ssp. lutarioriparius) Msa",1,1,"2025/07/18 00:00:00"
"Miscanthus sacchariflorus ssp. lutarioriparius  'JY025'-Accn:JY025-Q49880-Alt:","Miscanthus sacchariflorus ssp. lutarioriparius","Yangtze 2x (ssp. lutarioriparius) Msa",1,1,"2025/04/15 00:00:00"
"Miscanthus sacchariflorus ssp. lutarioriparius  'JY045'-Accn:JY045-Q49898-Alt:","Miscanthus sacchariflorus ssp. lutarioriparius","Yangtze 2x (ssp. lutarioriparius) Msa",1,1,"2025/04/15 00:00:00"
"Miscanthus sacchariflorus ssp. lutarioriparius  'PF30022'-Accn:UI11-00031--Alt:","Miscanthus sacchariflorus ssp. lutarioriparius","Yangtze 2x (ssp. lutarioriparius) Msa",1,1,"2025/07/18 00:00:00"
"Miscanthus sinensis  'Strictus'-Accn:UI10-00092--Alt:","Miscanthus sinensis","C Japan Msi",1,1,"2025/07/18 00:00:00"
"Miscanthus sinensis 'Sugadaira'-Accn:UI11-00002--Alt:Koike-25","Miscanthus sinensis","C Japan Msi",1,1,"2025/04/15 00:00:00"
"Miscanthus sinensis  'PA-2010-003 Nat Pop 2011-93-1-10'-Accn:UI14-00020--Alt:","Miscanthus sinensis","C Japan Msi",NA,NA,NA
"Miscanthus sinensis ssp. transmorrisonensis  'Digging Dog'-Accn:UI25-00001--Alt:","Miscanthus sinensis ssp. transmorrisonensis","SE China Msi",2,1,"2025/04/15 00:00:00"
"Miscanthus sinensis  'KMS023'-Accn:KMS023-Q49557-Alt:","Miscanthus sinensis","Korea, N China Msi",1,1,"2025/04/15 00:00:00"
"Miscanthus sinensis  'KMS068'-Accn:KMS068-Q49571-Alt:","Miscanthus sinensis","Korea, N China Msi",1,1,"2025/04/15 00:00:00"
"Miscanthus sinensis  'KMS113'-Accn:KMS113-Q49591-Alt:","Miscanthus sinensis","Korea, N China Msi",1,1,"2025/04/15 00:00:00"
"Miscanthus sinensis  'KMS215'-Accn:KMS215-Q49612-Alt:","Miscanthus sinensis","Korea, N China Msi",1,1,"2025/07/18 00:00:00"
"Miscanthus sinensis  'PMS-436'-Accn:PMS-436-Q46862-Alt:UI12-00141","Miscanthus sinensis","Korea, N China Msi",1,1,"2025/07/18 00:00:00"
"Miscanthus sinensis  'RU2012-217'-Accn:RU2012-217-Q47799-Alt:","Miscanthus sinensis","Korea, N China Msi",1,1,"2025/04/15 00:00:00"
"Miscanthus sinensis  'RU2012-219'-Accn:RU2012-219-Q47801-Alt:","Miscanthus sinensis","Korea, N China Msi",1,1,"2025/07/18 00:00:00"
"Miscanthus sinensis  'RU2012-221'-Accn:RU2012-221-Q47802-Alt:","Miscanthus sinensis","Korea, N China Msi",1,1,"2025/07/18 00:00:00"
"Miscanthus sinensis  'JM0034.001'-Accn:JM0034.001-Q49545-Alt:","Miscanthus sinensis","N Japan Msi",1,1,"2025/04/15 00:00:00"
"Miscanthus sinensis  'JM0062.001'-Accn:JM0062.001-Q49550-Alt:","Miscanthus sinensis","N Japan Msi",1,1,"2025/04/15 00:00:00"
"Miscanthus sinensis  'RU2012-002'-Accn:RU2012-002-Q47623-Alt:","Miscanthus sinensis","N Japan Msi",1,1,"2025/04/15 00:00:00"
"Miscanthus sinensis  'JM11-041'-Accn:JM11-041-Q47549-Alt:2011-39-1","Miscanthus sinensis","S Japan Msi",1,1,"2025/04/15 00:00:00"
"Miscanthus sinensis  'Gracillimus'-Accn:UI10-00048--Alt:","Miscanthus sinensis","S Japan Msi",NA,NA,NA
"Miscanthus sinensis  'Miyazaki'-Accn:UI11-00001--Alt:Koike-22","Miscanthus sinensis","S Japan Msi",1,1,"2025/04/15 00:00:00"
"Miscanthus sinensis  'NC-2010-003 Nat Pop 2011-75-3-5'-Accn:UI14-00019--Alt:","Miscanthus sinensis","S Japan Msi",1,1,"2025/04/15 00:00:00"
"Miscanthus floridulus  'NG77-022'-Accn:PI417947--Alt:","Miscanthus floridulus","SE China Msi",1,1,"2025/04/15 00:00:00"
"Miscanthus sinensis  'PMS-182'-Accn:PMS-182-Q49102-Alt:","Miscanthus sinensis","SE China Msi",1,1,"2025/04/15 00:00:00"
"Miscanthus sinensis  'PMS-397'-Accn:PMS-397-Q45689-Alt:UI12-00139","Miscanthus sinensis","SE China Msi",1,1,"2025/04/15 00:00:00"
"Miscanthus sinensis  'PMS-055'-Accn:PMS-055-Q49142-Alt:","Miscanthus sinensis","Sichuan Msi",1,1,"2025/04/15 00:00:00"
"Miscanthus sinensis  'PMS-475'-Accn:PMS-475-Q49237-Alt:","Miscanthus sinensis","Sichuan Msi",1,1,"2025/04/15 00:00:00"
"Miscanthus sinensis  'PMS-546'-Accn:PMS-546-Q49239-Alt:","Miscanthus sinensis","Sichuan Msi",1,1,"2025/04/15 00:00:00"
"Miscanthus sinensis  'PMS-134'-Accn:PMS-134-Q46041-Alt:UI12-00115","Miscanthus sinensis","Yangtze-Qinling Msi",2,1,"2025/04/15 00:00:00"
"Miscanthus sinensis  'PMS-165'-Accn:PMS-165-Q49346-Alt:","Miscanthus sinensis","Yangtze-Qinling Msi",1,1,"2025/04/15 00:00:00"
"Miscanthus sinensis  'PMS-605'-Accn:PMS-605-Q49375-Alt:","Miscanthus sinensis","Yangtze-Qinling Msi",1,1,"2025/07/18 00:00:00"
"Miscanthus xgiganteus 3x  'Illinois'-Accn:UI10-00107--Alt:","Miscanthus xgiganteus 3x",NA,1,1,"2025/07/18 00:00:00"
"Miscanthus xgiganteus 3x  '64-1'-Accn:UI10-00123--Alt:","Miscanthus xgiganteus 3x",NA,1,1,"2025/07/18 00:00:00"
