Barcode,Entry,Species_consensus,Accession_#,USDA_Q_#,Alt_accession_#,UIUC_ID,minicores_Ainsworth_2025,survival_6wks,Notes
Miscanthus sacchariflorus ssp. lutarioriparius  'PF30022'-Accn:UI11-00031—Alt:,Miscanthus sacchariflorus ssp. lutarioriparius  'PF30022',Miscanthus sacchariflorus ssp. lutarioriparius,UI11-00031,,,UI19-00392,UI11-00031,0,
Miscanthus sacchariflorus 4x  'EMI-5'-Accn:UI11-00027--Alt:,Miscanthus sacchariflorus 4x  'EMI-5',Miscanthus sacchariflorus 4x,UI11-00027,,,UI19-00298,UI11-00027,0,
Miscanthus xgiganteus 3x  '64-1'-Accn:UI10-00123--Alt:,Miscanthus xgiganteus 3x  '64-1',Miscanthus xgiganteus 3x,UI10-00123,,,UI10-00123,Nagara,0,
Miscanthus xgiganteus 3x  'Illinois'-Accn:UI10-00107--Alt:,Miscanthus xgiganteus 3x  'Illinois',Miscanthus xgiganteus 3x,UI10-00107,,,UI10-00107,UI10-00107,0,
Miscanthus sinensis  'Strictus'-Accn:UI10-00092—Alt:,Miscanthus sinensis  'Strictus',,UI10-00092,,,UI10-00092,UI10-00092,0,
Miscanthus sinensis  'RU2012-221'-Accn:RU2012-221-Q47802-Alt:,Miscanthus sinensis  'RU2012-221',Miscanthus sinensis,RU2012-221,Q47802,,RU2012-221,RU2012-221,0,
Miscanthus sinensis  'RU2012-219'-Accn:RU2012-219-Q47801-Alt:,Miscanthus sinensis  'RU2012-219',Miscanthus sinensis,RU2012-219,Q47801,,RU2012-219,RU2012-219,0,
Miscanthus sinensis  'RU2012-217'-Accn:RU2012-217-Q47799-Alt:,Miscanthus sinensis  'RU2012-217',Miscanthus sinensis,RU2012-217,Q47799,,RU2012-217,RU2012-217,0,Not present in initial minicores
Miscanthus sacchariflorus  'RU2012-174'-Accn:RU2012-174-Q47765-Alt:,Miscanthus sacchariflorus  'RU2012-174',Miscanthus sacchariflorus,RU2012-174,Q47765,,UI19-00223,RU2012-174,0,
Miscanthus sacchariflorus  'RU2012-114'-Accn:RU2012-114-Q47717-Alt:,Miscanthus sacchariflorus  'RU2012-114',Miscanthus sacchariflorus,RU2012-114,Q47717,,UI19-00176,RU2012-114,0,Not present in initial minicores
Miscanthus sacchariflorus  'RU2012-112'-Accn:RU2012-112-Q47715-Alt:,Miscanthus sacchariflorus  'RU2012-112',Miscanthus sacchariflorus,RU2012-112,Q47715,,UI19-00174,RU2012-112,0,Not present in initial minicores
Miscanthus sacchariflorus 4x  'RU2012-056.1WD (4x)'-Accn:RU2012-056.1WD (4x)-Q47667-Alt:,Miscanthus sacchariflorus 4x  'RU2012-056.1WD (4x)',Miscanthus sacchariflorus 4x,RU2012-056.1WD (4x),Q47667,,UI19-00082,RU2012-056.1WD (4x),0,
Miscanthus sacchariflorus  'RU2012-048'-Accn:RU2012-048-Q47661-Alt:,Miscanthus sacchariflorus  'RU2012-048',Miscanthus sacchariflorus,RU2012-048,Q47661,,UI19-00122,RU2012-048,0,
Miscanthus sinensis  'PMS-605'-Accn:PMS-605-Q49375-Alt:,Miscanthus sinensis  'PMS-605',Miscanthus sinensis,PMS-605,Q49375,,PMS-605,PMS-605,0,
Miscanthus sacchariflorus  'PMS-512'-Accn:PMS-512-Q49089-Alt:,Miscanthus sacchariflorus  'PMS-512',Miscanthus sacchariflorus,PMS-512,Q49089,,UI21-00076,PMS-512,0,
Miscanthus sacchariflorus 4x  'PMS-457'-Accn:PMS-457-Q49087-Alt:,Miscanthus sacchariflorus 4x  'PMS-457',Miscanthus sacchariflorus 4x,PMS-457,Q49087,,UI19-00083,PMS-457,0,
Miscanthus sinensis  'PMS-436'-Accn:PMS-436-Q46862-Alt:UI12-00141,Miscanthus sinensis  'PMS-436',Miscanthus sinensis,PMS-436,Q46862,UI12-00141,PMS-436,PMS-436,0,
Miscanthus sinensis  'PMS-397'-Accn:PMS-397-Q45689-Alt:UI12-00139,Miscanthus sinensis  'PMS-397',Miscanthus sinensis,PMS-397,Q45689,UI12-00139,PMS-397,PMS-397,0,
Miscanthus sinensis  'PMS-134'-Accn:PMS-134-Q46041-Alt:UI12-00115,Miscanthus sinensis  'PMS-134',Miscanthus sinensis,PMS-134,Q46041,UI12-00115,PMS-134,PMS-134,0,
Miscanthus sinensis  'KMS215'-Accn:KMS215-Q49612-Alt:,Miscanthus sinensis  'KMS215',Miscanthus sinensis,KMS215,Q49612,,KMS215,KMS215,0,
Miscanthus sacchariflorus ssp. lutarioriparius  'JY016'-Accn:JY016-Q49871-Alt:,Miscanthus sacchariflorus ssp. lutarioriparius  'JY016',Miscanthus sacchariflorus ssp. lutarioriparius,JY016,Q49871,,UI19-00387,JY016,0,
Miscanthus sacchariflorus 4x  'JY006'-Accn:JY006-Q49861-Alt:,Miscanthus sacchariflorus 4x  'JY006',Miscanthus sacchariflorus 4x,JY006,Q49861,,UI19-00087,JY006,0,
Miscanthus sacchariflorus 4x  'Tomatoh Corporation-2'-Accn:JPN-2011-010-Q46810-Alt:JPN-2011-010,Miscanthus sacchariflorus 4x  'Tomatoh Corporation-2',Miscanthus sacchariflorus 4x,JPN-2011-010,Q46810,JPN-2011-010,UI21-00065,JPN-2011-010,0,
"Miscanthus sacchariflorus 4x  'Hokkaido U, Livestock Farm-2'-Accn:JPN-2011-008-Q46808-Alt:JPN-2011-008","Miscanthus sacchariflorus 4x  'Hokkaido U, Livestock Farm-2'",Miscanthus sacchariflorus 4x,JPN-2011-008,Q46808,JPN-2011-008,UI21-00063,JPN-2011-008,0,
Miscanthus sacchariflorus 4x  'Gifu-2010-016'-Accn:JPN-2011-004-Q46804-Alt:JPN-2011-004,Miscanthus sacchariflorus 4x  'Gifu-2010-016',Miscanthus sacchariflorus 4x,JPN-2011-004,Q46804,JPN-2011-004,UI19-00260,JPN-2011-004,0,
Miscanthus sacchariflorus 4x  'Tohoku-2010-014'-Accn:JPN-2010-006-Q46428-Alt:JPN-2010-006,Miscanthus sacchariflorus 4x  'Tohoku-2010-014',Miscanthus sacchariflorus 4x,JPN-2010-006,Q46428,JPN-2010-006,UI19-00275,JPN-2010-006,0,
Miscanthus sacchariflorus 4x  'Tomatoh Corporation-1'-Accn:JPN-2010-005-Q46427-Alt:JPN-2010-005,Miscanthus sacchariflorus 4x  'Tomatoh Corporation-1',Miscanthus sacchariflorus 4x,JPN-2010-005,Q46427,JPN-2010-005,UI21-00064,JPN-2010-005,0,
Miscanthus sacchariflorus 4x  'Tohoku-2010-036'-Accn:JPN-2010-002-Q46424-Alt:JPN-2010-002,Miscanthus sacchariflorus 4x  'Tohoku-2010-036',Miscanthus sacchariflorus 4x,JPN-2010-002,Q46424,JPN-2010-002,UI19-00262,JPN-2010-002,0,
